[
  {
    "name": "benchmark/imdb_parachute/01a.benchmark",
    "iteration": 0,
    "num_bloom_filters_in_scan": 0,
    "num_bloom_filters_in_scan": 0,
    "num_bloom_filters_in_scan": 0,
    "num_bloom_filters_in_scan": 0,
    "num_bloom_filters_in_scan": 0,
  },
  {
    "name": "benchmark/imdb_parachute/01a.benchmark",
    "iteration": 1,
    "num_bloom_filters_in_scan": 0,
    "num_bloom_filters_in_scan": 0,
    "num_bloom_filters_in_scan": 0,
    "num_bloom_filters_in_scan": 0,
    "num_bloom_filters_in_scan": 0,
    "result": "correct",
    "time": 0.0818032,
  },
  {
    "name": "benchmark/imdb_parachute/01a.benchmark",
    "iteration": 2,
    "num_bloom_filters_in_scan": 0,
    "num_bloom_filters_in_scan": 0,
    "num_bloom_filters_in_scan": 0,
    "num_bloom_filters_in_scan": 0,
    "num_bloom_filters_in_scan": 0,
    "result": "correct",
    "time": 0.0841139,
  },
  {
    "name": "benchmark/imdb_parachute/01a.benchmark",
    "iteration": 3,
    "num_bloom_filters_in_scan": 0,
    "num_bloom_filters_in_scan": 0,
    "num_bloom_filters_in_scan": 0,
    "num_bloom_filters_in_scan": 0,
    "num_bloom_filters_in_scan": 0,
    "result": "correct",
    "time": 0.0826907,
  },
  {
    "name": "benchmark/imdb_parachute/01a.benchmark",
    "iteration": 4,
    "num_bloom_filters_in_scan": 0,
    "num_bloom_filters_in_scan": 0,
    "num_bloom_filters_in_scan": 0,
    "num_bloom_filters_in_scan": 0,
    "num_bloom_filters_in_scan": 0,
    "result": "correct",
    "time": 0.081954,
  },
  {
    "name": "benchmark/imdb_parachute/01a.benchmark",
    "iteration": 5,
    "num_bloom_filters_in_scan": 0,
    "num_bloom_filters_in_scan": 0,
    "num_bloom_filters_in_scan": 0,
    "num_bloom_filters_in_scan": 0,
    "num_bloom_filters_in_scan": 0,
    "result": "correct",
    "time": 0.0813949,
  },
  {
    "name": "benchmark/imdb_parachute/01b.benchmark",
    "iteration": 0,
    "num_bloom_filters_in_scan": 0,
    "num_bloom_filters_in_scan": 0,
    "num_bloom_filters_in_scan": 0,
    "num_bloom_filters_in_scan": 0,
    "num_bloom_filters_in_scan": 0,
  },
  {
    "name": "benchmark/imdb_parachute/01b.benchmark",
    "iteration": 1,
    "num_bloom_filters_in_scan": 0,
    "num_bloom_filters_in_scan": 0,
    "num_bloom_filters_in_scan": 0,
    "num_bloom_filters_in_scan": 0,
    "num_bloom_filters_in_scan": 0,
    "result": "correct",
    "time": 0.0503428,
  },
  {
    "name": "benchmark/imdb_parachute/01b.benchmark",
    "iteration": 2,
    "num_bloom_filters_in_scan": 0,
    "num_bloom_filters_in_scan": 0,
    "num_bloom_filters_in_scan": 0,
    "num_bloom_filters_in_scan": 0,
    "num_bloom_filters_in_scan": 0,
    "result": "correct",
    "time": 0.0486594,
  },
  {
    "name": "benchmark/imdb_parachute/01b.benchmark",
    "iteration": 3,
    "num_bloom_filters_in_scan": 0,
    "num_bloom_filters_in_scan": 0,
    "num_bloom_filters_in_scan": 0,
    "num_bloom_filters_in_scan": 0,
    "num_bloom_filters_in_scan": 0,
    "result": "correct",
    "time": 0.0485624,
  },
  {
    "name": "benchmark/imdb_parachute/01b.benchmark",
    "iteration": 4,
    "num_bloom_filters_in_scan": 0,
    "num_bloom_filters_in_scan": 0,
    "num_bloom_filters_in_scan": 0,
    "num_bloom_filters_in_scan": 0,
    "num_bloom_filters_in_scan": 0,
    "result": "correct",
    "time": 0.048421,
  },
  {
    "name": "benchmark/imdb_parachute/01b.benchmark",
    "iteration": 5,
    "num_bloom_filters_in_scan": 0,
    "num_bloom_filters_in_scan": 0,
    "num_bloom_filters_in_scan": 0,
    "num_bloom_filters_in_scan": 0,
    "num_bloom_filters_in_scan": 0,
    "result": "correct",
    "time": 0.0487725,
  },
  {
    "name": "benchmark/imdb_parachute/01c.benchmark",
    "iteration": 0,
    "num_bloom_filters_in_scan": 0,
    "num_bloom_filters_in_scan": 0,
    "num_bloom_filters_in_scan": 0,
    "num_bloom_filters_in_scan": 0,
    "num_bloom_filters_in_scan": 0,
  },
  {
    "name": "benchmark/imdb_parachute/01c.benchmark",
    "iteration": 1,
    "num_bloom_filters_in_scan": 0,
    "num_bloom_filters_in_scan": 0,
    "num_bloom_filters_in_scan": 0,
    "num_bloom_filters_in_scan": 0,
    "num_bloom_filters_in_scan": 0,
    "result": "correct",
    "time": 0.045357,
  },
  {
    "name": "benchmark/imdb_parachute/01c.benchmark",
    "iteration": 2,
    "num_bloom_filters_in_scan": 0,
    "num_bloom_filters_in_scan": 0,
    "num_bloom_filters_in_scan": 0,
    "num_bloom_filters_in_scan": 0,
    "num_bloom_filters_in_scan": 0,
    "result": "correct",
    "time": 0.0456416,
  },
  {
    "name": "benchmark/imdb_parachute/01c.benchmark",
    "iteration": 3,
    "num_bloom_filters_in_scan": 0,
    "num_bloom_filters_in_scan": 0,
    "num_bloom_filters_in_scan": 0,
    "num_bloom_filters_in_scan": 0,
    "num_bloom_filters_in_scan": 0,
    "result": "correct",
    "time": 0.0434929,
  },
  {
    "name": "benchmark/imdb_parachute/01c.benchmark",
    "iteration": 4,
    "num_bloom_filters_in_scan": 0,
    "num_bloom_filters_in_scan": 0,
    "num_bloom_filters_in_scan": 0,
    "num_bloom_filters_in_scan": 0,
    "num_bloom_filters_in_scan": 0,
    "result": "correct",
    "time": 0.0447517,
  },
  {
    "name": "benchmark/imdb_parachute/01c.benchmark",
    "iteration": 5,
    "num_bloom_filters_in_scan": 0,
    "num_bloom_filters_in_scan": 0,
    "num_bloom_filters_in_scan": 0,
    "num_bloom_filters_in_scan": 0,
    "num_bloom_filters_in_scan": 0,
    "result": "correct",
    "time": 0.0428896,
  },
  {
    "name": "benchmark/imdb_parachute/01d.benchmark",
    "iteration": 0,
    "num_bloom_filters_in_scan": 0,
    "num_bloom_filters_in_scan": 0,
    "num_bloom_filters_in_scan": 0,
    "num_bloom_filters_in_scan": 0,
    "num_bloom_filters_in_scan": 0,
  },
  {
    "name": "benchmark/imdb_parachute/01d.benchmark",
    "iteration": 1,
    "num_bloom_filters_in_scan": 0,
    "num_bloom_filters_in_scan": 0,
    "num_bloom_filters_in_scan": 0,
    "num_bloom_filters_in_scan": 0,
    "num_bloom_filters_in_scan": 0,
    "result": "correct",
    "time": 0.0528196,
  },
  {
    "name": "benchmark/imdb_parachute/01d.benchmark",
    "iteration": 2,
    "num_bloom_filters_in_scan": 0,
    "num_bloom_filters_in_scan": 0,
    "num_bloom_filters_in_scan": 0,
    "num_bloom_filters_in_scan": 0,
    "num_bloom_filters_in_scan": 0,
    "result": "correct",
    "time": 0.054334,
  },
  {
    "name": "benchmark/imdb_parachute/01d.benchmark",
    "iteration": 3,
    "num_bloom_filters_in_scan": 0,
    "num_bloom_filters_in_scan": 0,
    "num_bloom_filters_in_scan": 0,
    "num_bloom_filters_in_scan": 0,
    "num_bloom_filters_in_scan": 0,
    "result": "correct",
    "time": 0.0523223,
  },
  {
    "name": "benchmark/imdb_parachute/01d.benchmark",
    "iteration": 4,
    "num_bloom_filters_in_scan": 0,
    "num_bloom_filters_in_scan": 0,
    "num_bloom_filters_in_scan": 0,
    "num_bloom_filters_in_scan": 0,
    "num_bloom_filters_in_scan": 0,
    "result": "correct",
    "time": 0.0533095,
  },
  {
    "name": "benchmark/imdb_parachute/01d.benchmark",
    "iteration": 5,
    "num_bloom_filters_in_scan": 0,
    "num_bloom_filters_in_scan": 0,
    "num_bloom_filters_in_scan": 0,
    "num_bloom_filters_in_scan": 0,
    "num_bloom_filters_in_scan": 0,
    "result": "correct",
    "time": 0.0542674,
  },
  {
    "name": "benchmark/imdb_parachute/02a.benchmark",
    "iteration": 0,
    "num_bloom_filters_in_scan": 0,
    "num_bloom_filters_in_scan": 0,
    "num_bloom_filters_in_scan": 0,
    "num_bloom_filters_in_scan": 0,
    "num_bloom_filters_in_scan": 0,
  },
  {
    "name": "benchmark/imdb_parachute/02a.benchmark",
    "iteration": 1,
    "num_bloom_filters_in_scan": 0,
    "num_bloom_filters_in_scan": 0,
    "num_bloom_filters_in_scan": 0,
    "num_bloom_filters_in_scan": 0,
    "num_bloom_filters_in_scan": 0,
    "result": "correct",
    "time": 0.16252,
  },
  {
    "name": "benchmark/imdb_parachute/02a.benchmark",
    "iteration": 2,
    "num_bloom_filters_in_scan": 0,
    "num_bloom_filters_in_scan": 0,
    "num_bloom_filters_in_scan": 0,
    "num_bloom_filters_in_scan": 0,
    "num_bloom_filters_in_scan": 0,
    "result": "correct",
    "time": 0.163321,
  },
  {
    "name": "benchmark/imdb_parachute/02a.benchmark",
    "iteration": 3,
    "num_bloom_filters_in_scan": 0,
    "num_bloom_filters_in_scan": 0,
    "num_bloom_filters_in_scan": 0,
    "num_bloom_filters_in_scan": 0,
    "num_bloom_filters_in_scan": 0,
    "result": "correct",
    "time": 0.16178,
  },
  {
    "name": "benchmark/imdb_parachute/02a.benchmark",
    "iteration": 4,
    "num_bloom_filters_in_scan": 0,
    "num_bloom_filters_in_scan": 0,
    "num_bloom_filters_in_scan": 0,
    "num_bloom_filters_in_scan": 0,
    "num_bloom_filters_in_scan": 0,
    "result": "correct",
    "time": 0.161635,
  },
  {
    "name": "benchmark/imdb_parachute/02a.benchmark",
    "iteration": 5,
    "num_bloom_filters_in_scan": 0,
    "num_bloom_filters_in_scan": 0,
    "num_bloom_filters_in_scan": 0,
    "num_bloom_filters_in_scan": 0,
    "num_bloom_filters_in_scan": 0,
    "result": "correct",
    "time": 0.163199,
  },
  {
    "name": "benchmark/imdb_parachute/02b.benchmark",
    "iteration": 0,
    "num_bloom_filters_in_scan": 0,
    "num_bloom_filters_in_scan": 0,
    "num_bloom_filters_in_scan": 0,
    "num_bloom_filters_in_scan": 0,
    "num_bloom_filters_in_scan": 0,
  },
  {
    "name": "benchmark/imdb_parachute/02b.benchmark",
    "iteration": 1,
    "num_bloom_filters_in_scan": 0,
    "num_bloom_filters_in_scan": 0,
    "num_bloom_filters_in_scan": 0,
    "num_bloom_filters_in_scan": 0,
    "num_bloom_filters_in_scan": 0,
    "result": "correct",
    "time": 0.160911,
  },
  {
    "name": "benchmark/imdb_parachute/02b.benchmark",
    "iteration": 2,
    "num_bloom_filters_in_scan": 0,
    "num_bloom_filters_in_scan": 0,
    "num_bloom_filters_in_scan": 0,
    "num_bloom_filters_in_scan": 0,
    "num_bloom_filters_in_scan": 0,
    "result": "correct",
    "time": 0.160384,
  },
  {
    "name": "benchmark/imdb_parachute/02b.benchmark",
    "iteration": 3,
    "num_bloom_filters_in_scan": 0,
    "num_bloom_filters_in_scan": 0,
    "num_bloom_filters_in_scan": 0,
    "num_bloom_filters_in_scan": 0,
    "num_bloom_filters_in_scan": 0,
    "result": "correct",
    "time": 0.159444,
  },
  {
    "name": "benchmark/imdb_parachute/02b.benchmark",
    "iteration": 4,
    "num_bloom_filters_in_scan": 0,
    "num_bloom_filters_in_scan": 0,
    "num_bloom_filters_in_scan": 0,
    "num_bloom_filters_in_scan": 0,
    "num_bloom_filters_in_scan": 0,
    "result": "correct",
    "time": 0.160427,
  },
  {
    "name": "benchmark/imdb_parachute/02b.benchmark",
    "iteration": 5,
    "num_bloom_filters_in_scan": 0,
    "num_bloom_filters_in_scan": 0,
    "num_bloom_filters_in_scan": 0,
    "num_bloom_filters_in_scan": 0,
    "num_bloom_filters_in_scan": 0,
    "result": "correct",
    "time": 0.15634,
  },
  {
    "name": "benchmark/imdb_parachute/02c.benchmark",
    "iteration": 0,
    "num_bloom_filters_in_scan": 0,
    "num_bloom_filters_in_scan": 0,
    "num_bloom_filters_in_scan": 0,
    "num_bloom_filters_in_scan": 0,
    "num_bloom_filters_in_scan": 0,
  },
  {
    "name": "benchmark/imdb_parachute/02c.benchmark",
    "iteration": 1,
    "num_bloom_filters_in_scan": 0,
    "num_bloom_filters_in_scan": 0,
    "num_bloom_filters_in_scan": 0,
    "num_bloom_filters_in_scan": 0,
    "num_bloom_filters_in_scan": 0,
    "result": "correct",
    "time": 0.0304776,
  },
  {
    "name": "benchmark/imdb_parachute/02c.benchmark",
    "iteration": 2,
    "num_bloom_filters_in_scan": 0,
    "num_bloom_filters_in_scan": 0,
    "num_bloom_filters_in_scan": 0,
    "num_bloom_filters_in_scan": 0,
    "num_bloom_filters_in_scan": 0,
    "result": "correct",
    "time": 0.029943,
  },
  {
    "name": "benchmark/imdb_parachute/02c.benchmark",
    "iteration": 3,
    "num_bloom_filters_in_scan": 0,
    "num_bloom_filters_in_scan": 0,
    "num_bloom_filters_in_scan": 0,
    "num_bloom_filters_in_scan": 0,
    "num_bloom_filters_in_scan": 0,
    "result": "correct",
    "time": 0.0279454,
  },
  {
    "name": "benchmark/imdb_parachute/02c.benchmark",
    "iteration": 4,
    "num_bloom_filters_in_scan": 0,
    "num_bloom_filters_in_scan": 0,
    "num_bloom_filters_in_scan": 0,
    "num_bloom_filters_in_scan": 0,
    "num_bloom_filters_in_scan": 0,
    "result": "correct",
    "time": 0.0280143,
  },
  {
    "name": "benchmark/imdb_parachute/02c.benchmark",
    "iteration": 5,
    "num_bloom_filters_in_scan": 0,
    "num_bloom_filters_in_scan": 0,
    "num_bloom_filters_in_scan": 0,
    "num_bloom_filters_in_scan": 0,
    "num_bloom_filters_in_scan": 0,
    "result": "correct",
    "time": 0.0283378,
  },
  {
    "name": "benchmark/imdb_parachute/02d.benchmark",
    "iteration": 0,
    "num_bloom_filters_in_scan": 0,
    "num_bloom_filters_in_scan": 0,
    "num_bloom_filters_in_scan": 0,
    "num_bloom_filters_in_scan": 0,
    "num_bloom_filters_in_scan": 0,
  },
  {
    "name": "benchmark/imdb_parachute/02d.benchmark",
    "iteration": 1,
    "num_bloom_filters_in_scan": 0,
    "num_bloom_filters_in_scan": 0,
    "num_bloom_filters_in_scan": 0,
    "num_bloom_filters_in_scan": 0,
    "num_bloom_filters_in_scan": 0,
    "result": "correct",
    "time": 0.190434,
  },
  {
    "name": "benchmark/imdb_parachute/02d.benchmark",
    "iteration": 2,
    "num_bloom_filters_in_scan": 0,
    "num_bloom_filters_in_scan": 0,
    "num_bloom_filters_in_scan": 0,
    "num_bloom_filters_in_scan": 0,
    "num_bloom_filters_in_scan": 0,
    "result": "correct",
    "time": 0.188246,
  },
  {
    "name": "benchmark/imdb_parachute/02d.benchmark",
    "iteration": 3,
    "num_bloom_filters_in_scan": 0,
    "num_bloom_filters_in_scan": 0,
    "num_bloom_filters_in_scan": 0,
    "num_bloom_filters_in_scan": 0,
    "num_bloom_filters_in_scan": 0,
    "result": "correct",
    "time": 0.187534,
  },
  {
    "name": "benchmark/imdb_parachute/02d.benchmark",
    "iteration": 4,
    "num_bloom_filters_in_scan": 0,
    "num_bloom_filters_in_scan": 0,
    "num_bloom_filters_in_scan": 0,
    "num_bloom_filters_in_scan": 0,
    "num_bloom_filters_in_scan": 0,
    "result": "correct",
    "time": 0.187674,
  },
  {
    "name": "benchmark/imdb_parachute/02d.benchmark",
    "iteration": 5,
    "num_bloom_filters_in_scan": 0,
    "num_bloom_filters_in_scan": 0,
    "num_bloom_filters_in_scan": 0,
    "num_bloom_filters_in_scan": 0,
    "num_bloom_filters_in_scan": 0,
    "result": "correct",
    "time": 0.187844,
  },
  {
    "name": "benchmark/imdb_parachute/03a.benchmark",
    "iteration": 0,
    "num_bloom_filters_in_scan": 0,
    "num_bloom_filters_in_scan": 0,
    "num_bloom_filters_in_scan": 0,
    "num_bloom_filters_in_scan": 0,
  },
  {
    "name": "benchmark/imdb_parachute/03a.benchmark",
    "iteration": 1,
    "num_bloom_filters_in_scan": 0,
    "num_bloom_filters_in_scan": 0,
    "num_bloom_filters_in_scan": 0,
    "num_bloom_filters_in_scan": 0,
    "result": "correct",
    "time": 0.828312,
  },
  {
    "name": "benchmark/imdb_parachute/03a.benchmark",
    "iteration": 2,
    "num_bloom_filters_in_scan": 0,
    "num_bloom_filters_in_scan": 0,
    "num_bloom_filters_in_scan": 0,
    "num_bloom_filters_in_scan": 0,
    "result": "correct",
    "time": 0.805967,
  },
  {
    "name": "benchmark/imdb_parachute/03a.benchmark",
    "iteration": 3,
    "num_bloom_filters_in_scan": 0,
    "num_bloom_filters_in_scan": 0,
    "num_bloom_filters_in_scan": 0,
    "num_bloom_filters_in_scan": 0,
    "result": "correct",
    "time": 0.806443,
  },
  {
    "name": "benchmark/imdb_parachute/03a.benchmark",
    "iteration": 4,
    "num_bloom_filters_in_scan": 0,
    "num_bloom_filters_in_scan": 0,
    "num_bloom_filters_in_scan": 0,
    "num_bloom_filters_in_scan": 0,
    "result": "correct",
    "time": 0.808321,
  },
  {
    "name": "benchmark/imdb_parachute/03a.benchmark",
    "iteration": 5,
    "num_bloom_filters_in_scan": 0,
    "num_bloom_filters_in_scan": 0,
    "num_bloom_filters_in_scan": 0,
    "num_bloom_filters_in_scan": 0,
    "result": "correct",
    "time": 0.808088,
  },
  {
    "name": "benchmark/imdb_parachute/03b.benchmark",
    "iteration": 0,
    "num_bloom_filters_in_scan": 0,
    "num_bloom_filters_in_scan": 0,
    "num_bloom_filters_in_scan": 0,
    "num_bloom_filters_in_scan": 0,
  },
  {
    "name": "benchmark/imdb_parachute/03b.benchmark",
    "iteration": 1,
    "num_bloom_filters_in_scan": 0,
    "num_bloom_filters_in_scan": 0,
    "num_bloom_filters_in_scan": 0,
    "num_bloom_filters_in_scan": 0,
    "result": "correct",
    "time": 0.325862,
  },
  {
    "name": "benchmark/imdb_parachute/03b.benchmark",
    "iteration": 2,
    "num_bloom_filters_in_scan": 0,
    "num_bloom_filters_in_scan": 0,
    "num_bloom_filters_in_scan": 0,
    "num_bloom_filters_in_scan": 0,
    "result": "correct",
    "time": 0.319188,
  },
  {
    "name": "benchmark/imdb_parachute/03b.benchmark",
    "iteration": 3,
    "num_bloom_filters_in_scan": 0,
    "num_bloom_filters_in_scan": 0,
    "num_bloom_filters_in_scan": 0,
    "num_bloom_filters_in_scan": 0,
    "result": "correct",
    "time": 0.324752,
  },
  {
    "name": "benchmark/imdb_parachute/03b.benchmark",
    "iteration": 4,
    "num_bloom_filters_in_scan": 0,
    "num_bloom_filters_in_scan": 0,
    "num_bloom_filters_in_scan": 0,
    "num_bloom_filters_in_scan": 0,
    "result": "correct",
    "time": 0.317779,
  },
  {
    "name": "benchmark/imdb_parachute/03b.benchmark",
    "iteration": 5,
    "num_bloom_filters_in_scan": 0,
    "num_bloom_filters_in_scan": 0,
    "num_bloom_filters_in_scan": 0,
    "num_bloom_filters_in_scan": 0,
    "result": "correct",
    "time": 0.317854,
  },
  {
    "name": "benchmark/imdb_parachute/03c.benchmark",
    "iteration": 0,
    "num_bloom_filters_in_scan": 0,
    "num_bloom_filters_in_scan": 0,
    "num_bloom_filters_in_scan": 0,
    "num_bloom_filters_in_scan": 0,
  },
  {
    "name": "benchmark/imdb_parachute/03c.benchmark",
    "iteration": 1,
    "num_bloom_filters_in_scan": 0,
    "num_bloom_filters_in_scan": 0,
    "num_bloom_filters_in_scan": 0,
    "num_bloom_filters_in_scan": 0,
    "result": "correct",
    "time": 1.04654,
  },
  {
    "name": "benchmark/imdb_parachute/03c.benchmark",
    "iteration": 2,
    "num_bloom_filters_in_scan": 0,
    "num_bloom_filters_in_scan": 0,
    "num_bloom_filters_in_scan": 0,
    "num_bloom_filters_in_scan": 0,
    "result": "correct",
    "time": 1.03668,
  },
  {
    "name": "benchmark/imdb_parachute/03c.benchmark",
    "iteration": 3,
    "num_bloom_filters_in_scan": 0,
    "num_bloom_filters_in_scan": 0,
    "num_bloom_filters_in_scan": 0,
    "num_bloom_filters_in_scan": 0,
    "result": "correct",
    "time": 0.960358,
  },
  {
    "name": "benchmark/imdb_parachute/03c.benchmark",
    "iteration": 4,
    "num_bloom_filters_in_scan": 0,
    "num_bloom_filters_in_scan": 0,
    "num_bloom_filters_in_scan": 0,
    "num_bloom_filters_in_scan": 0,
    "result": "correct",
    "time": 0.967606,
  },
  {
    "name": "benchmark/imdb_parachute/03c.benchmark",
    "iteration": 5,
    "num_bloom_filters_in_scan": 0,
    "num_bloom_filters_in_scan": 0,
    "num_bloom_filters_in_scan": 0,
    "num_bloom_filters_in_scan": 0,
    "result": "correct",
    "time": 0.968903,
  },
  {
    "name": "benchmark/imdb_parachute/04a.benchmark",
    "iteration": 0,
    "num_bloom_filters_in_scan": 0,
    "num_bloom_filters_in_scan": 0,
    "num_bloom_filters_in_scan": 0,
    "num_bloom_filters_in_scan": 0,
    "num_bloom_filters_in_scan": 0,
  },
  {
    "name": "benchmark/imdb_parachute/04a.benchmark",
    "iteration": 1,
    "num_bloom_filters_in_scan": 0,
    "num_bloom_filters_in_scan": 0,
    "num_bloom_filters_in_scan": 0,
    "num_bloom_filters_in_scan": 0,
    "num_bloom_filters_in_scan": 0,
    "result": "correct",
    "time": 0.182287,
  },
  {
    "name": "benchmark/imdb_parachute/04a.benchmark",
    "iteration": 2,
    "num_bloom_filters_in_scan": 0,
    "num_bloom_filters_in_scan": 0,
    "num_bloom_filters_in_scan": 0,
    "num_bloom_filters_in_scan": 0,
    "num_bloom_filters_in_scan": 0,
    "result": "correct",
    "time": 0.179529,
  },
  {
    "name": "benchmark/imdb_parachute/04a.benchmark",
    "iteration": 3,
    "num_bloom_filters_in_scan": 0,
    "num_bloom_filters_in_scan": 0,
    "num_bloom_filters_in_scan": 0,
    "num_bloom_filters_in_scan": 0,
    "num_bloom_filters_in_scan": 0,
    "result": "correct",
    "time": 0.176407,
  },
  {
    "name": "benchmark/imdb_parachute/04a.benchmark",
    "iteration": 4,
    "num_bloom_filters_in_scan": 0,
    "num_bloom_filters_in_scan": 0,
    "num_bloom_filters_in_scan": 0,
    "num_bloom_filters_in_scan": 0,
    "num_bloom_filters_in_scan": 0,
    "result": "correct",
    "time": 0.177912,
  },
  {
    "name": "benchmark/imdb_parachute/04a.benchmark",
    "iteration": 5,
    "num_bloom_filters_in_scan": 0,
    "num_bloom_filters_in_scan": 0,
    "num_bloom_filters_in_scan": 0,
    "num_bloom_filters_in_scan": 0,
    "num_bloom_filters_in_scan": 0,
    "result": "correct",
    "time": 0.176415,
  },
  {
    "name": "benchmark/imdb_parachute/04b.benchmark",
    "iteration": 0,
    "num_bloom_filters_in_scan": 0,
    "num_bloom_filters_in_scan": 0,
    "num_bloom_filters_in_scan": 0,
    "num_bloom_filters_in_scan": 0,
    "num_bloom_filters_in_scan": 0,
  },
  {
    "name": "benchmark/imdb_parachute/04b.benchmark",
    "iteration": 1,
    "num_bloom_filters_in_scan": 0,
    "num_bloom_filters_in_scan": 0,
    "num_bloom_filters_in_scan": 0,
    "num_bloom_filters_in_scan": 0,
    "num_bloom_filters_in_scan": 0,
    "result": "correct",
    "time": 0.101011,
  },
  {
    "name": "benchmark/imdb_parachute/04b.benchmark",
    "iteration": 2,
    "num_bloom_filters_in_scan": 0,
    "num_bloom_filters_in_scan": 0,
    "num_bloom_filters_in_scan": 0,
    "num_bloom_filters_in_scan": 0,
    "num_bloom_filters_in_scan": 0,
    "result": "correct",
    "time": 0.0976897,
  },
  {
    "name": "benchmark/imdb_parachute/04b.benchmark",
    "iteration": 3,
    "num_bloom_filters_in_scan": 0,
    "num_bloom_filters_in_scan": 0,
    "num_bloom_filters_in_scan": 0,
    "num_bloom_filters_in_scan": 0,
    "num_bloom_filters_in_scan": 0,
    "result": "correct",
    "time": 0.0966084,
  },
  {
    "name": "benchmark/imdb_parachute/04b.benchmark",
    "iteration": 4,
    "num_bloom_filters_in_scan": 0,
    "num_bloom_filters_in_scan": 0,
    "num_bloom_filters_in_scan": 0,
    "num_bloom_filters_in_scan": 0,
    "num_bloom_filters_in_scan": 0,
    "result": "correct",
    "time": 0.0964818,
  },
  {
    "name": "benchmark/imdb_parachute/04b.benchmark",
    "iteration": 5,
    "num_bloom_filters_in_scan": 0,
    "num_bloom_filters_in_scan": 0,
    "num_bloom_filters_in_scan": 0,
    "num_bloom_filters_in_scan": 0,
    "num_bloom_filters_in_scan": 0,
    "result": "correct",
    "time": 0.0976664,
  },
  {
    "name": "benchmark/imdb_parachute/04c.benchmark",
    "iteration": 0,
    "num_bloom_filters_in_scan": 0,
    "num_bloom_filters_in_scan": 0,
    "num_bloom_filters_in_scan": 0,
    "num_bloom_filters_in_scan": 0,
    "num_bloom_filters_in_scan": 0,
  },
  {
    "name": "benchmark/imdb_parachute/04c.benchmark",
    "iteration": 1,
    "num_bloom_filters_in_scan": 0,
    "num_bloom_filters_in_scan": 0,
    "num_bloom_filters_in_scan": 0,
    "num_bloom_filters_in_scan": 0,
    "num_bloom_filters_in_scan": 0,
    "result": "correct",
    "time": 0.25619,
  },
  {
    "name": "benchmark/imdb_parachute/04c.benchmark",
    "iteration": 2,
    "num_bloom_filters_in_scan": 0,
    "num_bloom_filters_in_scan": 0,
    "num_bloom_filters_in_scan": 0,
    "num_bloom_filters_in_scan": 0,
    "num_bloom_filters_in_scan": 0,
    "result": "correct",
    "time": 0.25223,
  },
  {
    "name": "benchmark/imdb_parachute/04c.benchmark",
    "iteration": 3,
    "num_bloom_filters_in_scan": 0,
    "num_bloom_filters_in_scan": 0,
    "num_bloom_filters_in_scan": 0,
    "num_bloom_filters_in_scan": 0,
    "num_bloom_filters_in_scan": 0,
    "result": "correct",
    "time": 0.25393,
  },
  {
    "name": "benchmark/imdb_parachute/04c.benchmark",
    "iteration": 4,
    "num_bloom_filters_in_scan": 0,
    "num_bloom_filters_in_scan": 0,
    "num_bloom_filters_in_scan": 0,
    "num_bloom_filters_in_scan": 0,
    "num_bloom_filters_in_scan": 0,
    "result": "correct",
    "time": 0.259302,
  },
  {
    "name": "benchmark/imdb_parachute/04c.benchmark",
    "iteration": 5,
    "num_bloom_filters_in_scan": 0,
    "num_bloom_filters_in_scan": 0,
    "num_bloom_filters_in_scan": 0,
    "num_bloom_filters_in_scan": 0,
    "num_bloom_filters_in_scan": 0,
    "result": "correct",
    "time": 0.256864,
  },
  {
    "name": "benchmark/imdb_parachute/05a.benchmark",
    "iteration": 0,
    "num_bloom_filters_in_scan": 0,
    "num_bloom_filters_in_scan": 0,
    "num_bloom_filters_in_scan": 0,
    "num_bloom_filters_in_scan": 0,
    "num_bloom_filters_in_scan": 0,
  },
  {
    "name": "benchmark/imdb_parachute/05a.benchmark",
    "iteration": 1,
    "num_bloom_filters_in_scan": 0,
    "num_bloom_filters_in_scan": 0,
    "num_bloom_filters_in_scan": 0,
    "num_bloom_filters_in_scan": 0,
    "num_bloom_filters_in_scan": 0,
    "result": "correct",
    "time": 0.497332,
  },
  {
    "name": "benchmark/imdb_parachute/05a.benchmark",
    "iteration": 2,
    "num_bloom_filters_in_scan": 0,
    "num_bloom_filters_in_scan": 0,
    "num_bloom_filters_in_scan": 0,
    "num_bloom_filters_in_scan": 0,
    "num_bloom_filters_in_scan": 0,
    "result": "correct",
    "time": 0.49841,
  },
  {
    "name": "benchmark/imdb_parachute/05a.benchmark",
    "iteration": 3,
    "num_bloom_filters_in_scan": 0,
    "num_bloom_filters_in_scan": 0,
    "num_bloom_filters_in_scan": 0,
    "num_bloom_filters_in_scan": 0,
    "num_bloom_filters_in_scan": 0,
    "result": "correct",
    "time": 0.498987,
  },
  {
    "name": "benchmark/imdb_parachute/05a.benchmark",
    "iteration": 4,
    "num_bloom_filters_in_scan": 0,
    "num_bloom_filters_in_scan": 0,
    "num_bloom_filters_in_scan": 0,
    "num_bloom_filters_in_scan": 0,
    "num_bloom_filters_in_scan": 0,
    "result": "correct",
    "time": 0.498999,
  },
  {
    "name": "benchmark/imdb_parachute/05a.benchmark",
    "iteration": 5,
    "num_bloom_filters_in_scan": 0,
    "num_bloom_filters_in_scan": 0,
    "num_bloom_filters_in_scan": 0,
    "num_bloom_filters_in_scan": 0,
    "num_bloom_filters_in_scan": 0,
    "result": "correct",
    "time": 0.504823,
  },
  {
    "name": "benchmark/imdb_parachute/05b.benchmark",
    "iteration": 0,
    "num_bloom_filters_in_scan": 0,
    "num_bloom_filters_in_scan": 0,
    "num_bloom_filters_in_scan": 0,
    "num_bloom_filters_in_scan": 0,
    "num_bloom_filters_in_scan": 0,
  },
  {
    "name": "benchmark/imdb_parachute/05b.benchmark",
    "iteration": 1,
    "num_bloom_filters_in_scan": 0,
    "num_bloom_filters_in_scan": 0,
    "num_bloom_filters_in_scan": 0,
    "num_bloom_filters_in_scan": 0,
    "num_bloom_filters_in_scan": 0,
    "result": "correct",
    "time": 0.0743931,
  },
  {
    "name": "benchmark/imdb_parachute/05b.benchmark",
    "iteration": 2,
    "num_bloom_filters_in_scan": 0,
    "num_bloom_filters_in_scan": 0,
    "num_bloom_filters_in_scan": 0,
    "num_bloom_filters_in_scan": 0,
    "num_bloom_filters_in_scan": 0,
    "result": "correct",
    "time": 0.072878,
  },
  {
    "name": "benchmark/imdb_parachute/05b.benchmark",
    "iteration": 3,
    "num_bloom_filters_in_scan": 0,
    "num_bloom_filters_in_scan": 0,
    "num_bloom_filters_in_scan": 0,
    "num_bloom_filters_in_scan": 0,
    "num_bloom_filters_in_scan": 0,
    "result": "correct",
    "time": 0.0710514,
  },
  {
    "name": "benchmark/imdb_parachute/05b.benchmark",
    "iteration": 4,
    "num_bloom_filters_in_scan": 0,
    "num_bloom_filters_in_scan": 0,
    "num_bloom_filters_in_scan": 0,
    "num_bloom_filters_in_scan": 0,
    "num_bloom_filters_in_scan": 0,
    "result": "correct",
    "time": 0.0724777,
  },
  {
    "name": "benchmark/imdb_parachute/05b.benchmark",
    "iteration": 5,
    "num_bloom_filters_in_scan": 0,
    "num_bloom_filters_in_scan": 0,
    "num_bloom_filters_in_scan": 0,
    "num_bloom_filters_in_scan": 0,
    "num_bloom_filters_in_scan": 0,
    "result": "correct",
    "time": 0.0706296,
  },
  {
    "name": "benchmark/imdb_parachute/05c.benchmark",
    "iteration": 0,
    "num_bloom_filters_in_scan": 0,
    "num_bloom_filters_in_scan": 0,
    "num_bloom_filters_in_scan": 0,
    "num_bloom_filters_in_scan": 0,
    "num_bloom_filters_in_scan": 0,
  },
  {
    "name": "benchmark/imdb_parachute/05c.benchmark",
    "iteration": 1,
    "num_bloom_filters_in_scan": 0,
    "num_bloom_filters_in_scan": 0,
    "num_bloom_filters_in_scan": 0,
    "num_bloom_filters_in_scan": 0,
    "num_bloom_filters_in_scan": 0,
    "result": "correct",
    "time": 0.764806,
  },
  {
    "name": "benchmark/imdb_parachute/05c.benchmark",
    "iteration": 2,
    "num_bloom_filters_in_scan": 0,
    "num_bloom_filters_in_scan": 0,
    "num_bloom_filters_in_scan": 0,
    "num_bloom_filters_in_scan": 0,
    "num_bloom_filters_in_scan": 0,
    "result": "correct",
    "time": 0.76558,
  },
  {
    "name": "benchmark/imdb_parachute/05c.benchmark",
    "iteration": 3,
    "num_bloom_filters_in_scan": 0,
    "num_bloom_filters_in_scan": 0,
    "num_bloom_filters_in_scan": 0,
    "num_bloom_filters_in_scan": 0,
    "num_bloom_filters_in_scan": 0,
    "result": "correct",
    "time": 0.762595,
  },
  {
    "name": "benchmark/imdb_parachute/05c.benchmark",
    "iteration": 4,
    "num_bloom_filters_in_scan": 0,
    "num_bloom_filters_in_scan": 0,
    "num_bloom_filters_in_scan": 0,
    "num_bloom_filters_in_scan": 0,
    "num_bloom_filters_in_scan": 0,
    "result": "correct",
    "time": 0.771958,
  },
  {
    "name": "benchmark/imdb_parachute/05c.benchmark",
    "iteration": 5,
    "num_bloom_filters_in_scan": 0,
    "num_bloom_filters_in_scan": 0,
    "num_bloom_filters_in_scan": 0,
    "num_bloom_filters_in_scan": 0,
    "num_bloom_filters_in_scan": 0,
    "result": "correct",
    "time": 0.769644,
  },
  {
    "name": "benchmark/imdb_parachute/06a.benchmark",
    "iteration": 0,
    "num_bloom_filters_in_scan": 0,
    "num_bloom_filters_in_scan": 0,
    "num_bloom_filters_in_scan": 0,
    "num_bloom_filters_in_scan": 0,
    "num_bloom_filters_in_scan": 0,
  },
  {
    "name": "benchmark/imdb_parachute/06a.benchmark",
    "iteration": 1,
    "num_bloom_filters_in_scan": 0,
    "num_bloom_filters_in_scan": 0,
    "num_bloom_filters_in_scan": 0,
    "num_bloom_filters_in_scan": 0,
    "num_bloom_filters_in_scan": 0,
    "result": "correct",
    "time": 0.167247,
  },
  {
    "name": "benchmark/imdb_parachute/06a.benchmark",
    "iteration": 2,
    "num_bloom_filters_in_scan": 0,
    "num_bloom_filters_in_scan": 0,
    "num_bloom_filters_in_scan": 0,
    "num_bloom_filters_in_scan": 0,
    "num_bloom_filters_in_scan": 0,
    "result": "correct",
    "time": 0.167212,
  },
  {
    "name": "benchmark/imdb_parachute/06a.benchmark",
    "iteration": 3,
    "num_bloom_filters_in_scan": 0,
    "num_bloom_filters_in_scan": 0,
    "num_bloom_filters_in_scan": 0,
    "num_bloom_filters_in_scan": 0,
    "num_bloom_filters_in_scan": 0,
    "result": "correct",
    "time": 0.16843,
  },
  {
    "name": "benchmark/imdb_parachute/06a.benchmark",
    "iteration": 4,
    "num_bloom_filters_in_scan": 0,
    "num_bloom_filters_in_scan": 0,
    "num_bloom_filters_in_scan": 0,
    "num_bloom_filters_in_scan": 0,
    "num_bloom_filters_in_scan": 0,
    "result": "correct",
    "time": 0.168007,
  },
  {
    "name": "benchmark/imdb_parachute/06a.benchmark",
    "iteration": 5,
    "num_bloom_filters_in_scan": 0,
    "num_bloom_filters_in_scan": 0,
    "num_bloom_filters_in_scan": 0,
    "num_bloom_filters_in_scan": 0,
    "num_bloom_filters_in_scan": 0,
    "result": "correct",
    "time": 0.17023,
  },
  {
    "name": "benchmark/imdb_parachute/06b.benchmark",
    "iteration": 0,
    "num_bloom_filters_in_scan": 0,
    "num_bloom_filters_in_scan": 0,
    "num_bloom_filters_in_scan": 0,
    "num_bloom_filters_in_scan": 0,
    "num_bloom_filters_in_scan": 0,
  },
  {
    "name": "benchmark/imdb_parachute/06b.benchmark",
    "iteration": 1,
    "num_bloom_filters_in_scan": 0,
    "num_bloom_filters_in_scan": 0,
    "num_bloom_filters_in_scan": 0,
    "num_bloom_filters_in_scan": 0,
    "num_bloom_filters_in_scan": 0,
    "result": "correct",
    "time": 0.286547,
  },
  {
    "name": "benchmark/imdb_parachute/06b.benchmark",
    "iteration": 2,
    "num_bloom_filters_in_scan": 0,
    "num_bloom_filters_in_scan": 0,
    "num_bloom_filters_in_scan": 0,
    "num_bloom_filters_in_scan": 0,
    "num_bloom_filters_in_scan": 0,
    "result": "correct",
    "time": 0.285969,
  },
  {
    "name": "benchmark/imdb_parachute/06b.benchmark",
    "iteration": 3,
    "num_bloom_filters_in_scan": 0,
    "num_bloom_filters_in_scan": 0,
    "num_bloom_filters_in_scan": 0,
    "num_bloom_filters_in_scan": 0,
    "num_bloom_filters_in_scan": 0,
    "result": "correct",
    "time": 0.292181,
  },
  {
    "name": "benchmark/imdb_parachute/06b.benchmark",
    "iteration": 4,
    "num_bloom_filters_in_scan": 0,
    "num_bloom_filters_in_scan": 0,
    "num_bloom_filters_in_scan": 0,
    "num_bloom_filters_in_scan": 0,
    "num_bloom_filters_in_scan": 0,
    "result": "correct",
    "time": 0.285691,
  },
  {
    "name": "benchmark/imdb_parachute/06b.benchmark",
    "iteration": 5,
    "num_bloom_filters_in_scan": 0,
    "num_bloom_filters_in_scan": 0,
    "num_bloom_filters_in_scan": 0,
    "num_bloom_filters_in_scan": 0,
    "num_bloom_filters_in_scan": 0,
    "result": "correct",
    "time": 0.286094,
  },
  {
    "name": "benchmark/imdb_parachute/06c.benchmark",
    "iteration": 0,
    "num_bloom_filters_in_scan": 0,
    "num_bloom_filters_in_scan": 0,
    "num_bloom_filters_in_scan": 0,
    "num_bloom_filters_in_scan": 0,
    "num_bloom_filters_in_scan": 0,
  },
  {
    "name": "benchmark/imdb_parachute/06c.benchmark",
    "iteration": 1,
    "num_bloom_filters_in_scan": 0,
    "num_bloom_filters_in_scan": 0,
    "num_bloom_filters_in_scan": 0,
    "num_bloom_filters_in_scan": 0,
    "num_bloom_filters_in_scan": 0,
    "result": "correct",
    "time": 0.32822,
  },
  {
    "name": "benchmark/imdb_parachute/06c.benchmark",
    "iteration": 2,
    "num_bloom_filters_in_scan": 0,
    "num_bloom_filters_in_scan": 0,
    "num_bloom_filters_in_scan": 0,
    "num_bloom_filters_in_scan": 0,
    "num_bloom_filters_in_scan": 0,
    "result": "correct",
    "time": 0.328327,
  },
  {
    "name": "benchmark/imdb_parachute/06c.benchmark",
    "iteration": 3,
    "num_bloom_filters_in_scan": 0,
    "num_bloom_filters_in_scan": 0,
    "num_bloom_filters_in_scan": 0,
    "num_bloom_filters_in_scan": 0,
    "num_bloom_filters_in_scan": 0,
    "result": "correct",
    "time": 0.327397,
  },
  {
    "name": "benchmark/imdb_parachute/06c.benchmark",
    "iteration": 4,
    "num_bloom_filters_in_scan": 0,
    "num_bloom_filters_in_scan": 0,
    "num_bloom_filters_in_scan": 0,
    "num_bloom_filters_in_scan": 0,
    "num_bloom_filters_in_scan": 0,
    "result": "correct",
    "time": 0.327523,
  },
  {
    "name": "benchmark/imdb_parachute/06c.benchmark",
    "iteration": 5,
    "num_bloom_filters_in_scan": 0,
    "num_bloom_filters_in_scan": 0,
    "num_bloom_filters_in_scan": 0,
    "num_bloom_filters_in_scan": 0,
    "num_bloom_filters_in_scan": 0,
    "result": "correct",
    "time": 0.325038,
  },
  {
    "name": "benchmark/imdb_parachute/06d.benchmark",
    "iteration": 0,
    "num_bloom_filters_in_scan": 0,
    "num_bloom_filters_in_scan": 0,
    "num_bloom_filters_in_scan": 0,
    "num_bloom_filters_in_scan": 0,
    "num_bloom_filters_in_scan": 0,
  },
  {
    "name": "benchmark/imdb_parachute/06d.benchmark",
    "iteration": 1,
    "num_bloom_filters_in_scan": 0,
    "num_bloom_filters_in_scan": 0,
    "num_bloom_filters_in_scan": 0,
    "num_bloom_filters_in_scan": 0,
    "num_bloom_filters_in_scan": 0,
    "result": "correct",
    "time": 0.508177,
  },
  {
    "name": "benchmark/imdb_parachute/06d.benchmark",
    "iteration": 2,
    "num_bloom_filters_in_scan": 0,
    "num_bloom_filters_in_scan": 0,
    "num_bloom_filters_in_scan": 0,
    "num_bloom_filters_in_scan": 0,
    "num_bloom_filters_in_scan": 0,
    "result": "correct",
    "time": 0.501634,
  },
  {
    "name": "benchmark/imdb_parachute/06d.benchmark",
    "iteration": 3,
    "num_bloom_filters_in_scan": 0,
    "num_bloom_filters_in_scan": 0,
    "num_bloom_filters_in_scan": 0,
    "num_bloom_filters_in_scan": 0,
    "num_bloom_filters_in_scan": 0,
    "result": "correct",
    "time": 0.496497,
  },
  {
    "name": "benchmark/imdb_parachute/06d.benchmark",
    "iteration": 4,
    "num_bloom_filters_in_scan": 0,
    "num_bloom_filters_in_scan": 0,
    "num_bloom_filters_in_scan": 0,
    "num_bloom_filters_in_scan": 0,
    "num_bloom_filters_in_scan": 0,
    "result": "correct",
    "time": 0.493373,
  },
  {
    "name": "benchmark/imdb_parachute/06d.benchmark",
    "iteration": 5,
    "num_bloom_filters_in_scan": 0,
    "num_bloom_filters_in_scan": 0,
    "num_bloom_filters_in_scan": 0,
    "num_bloom_filters_in_scan": 0,
    "num_bloom_filters_in_scan": 0,
    "result": "correct",
    "time": 0.505994,
  },
  {
    "name": "benchmark/imdb_parachute/06e.benchmark",
    "iteration": 0,
    "num_bloom_filters_in_scan": 0,
    "num_bloom_filters_in_scan": 0,
    "num_bloom_filters_in_scan": 0,
    "num_bloom_filters_in_scan": 0,
    "num_bloom_filters_in_scan": 0,
  },
  {
    "name": "benchmark/imdb_parachute/06e.benchmark",
    "iteration": 1,
    "num_bloom_filters_in_scan": 0,
    "num_bloom_filters_in_scan": 0,
    "num_bloom_filters_in_scan": 0,
    "num_bloom_filters_in_scan": 0,
    "num_bloom_filters_in_scan": 0,
    "result": "correct",
    "time": 0.19063,
  },
  {
    "name": "benchmark/imdb_parachute/06e.benchmark",
    "iteration": 2,
    "num_bloom_filters_in_scan": 0,
    "num_bloom_filters_in_scan": 0,
    "num_bloom_filters_in_scan": 0,
    "num_bloom_filters_in_scan": 0,
    "num_bloom_filters_in_scan": 0,
    "result": "correct",
    "time": 0.188196,
  },
  {
    "name": "benchmark/imdb_parachute/06e.benchmark",
    "iteration": 3,
    "num_bloom_filters_in_scan": 0,
    "num_bloom_filters_in_scan": 0,
    "num_bloom_filters_in_scan": 0,
    "num_bloom_filters_in_scan": 0,
    "num_bloom_filters_in_scan": 0,
    "result": "correct",
    "time": 0.187744,
  },
  {
    "name": "benchmark/imdb_parachute/06e.benchmark",
    "iteration": 4,
    "num_bloom_filters_in_scan": 0,
    "num_bloom_filters_in_scan": 0,
    "num_bloom_filters_in_scan": 0,
    "num_bloom_filters_in_scan": 0,
    "num_bloom_filters_in_scan": 0,
    "result": "correct",
    "time": 0.188753,
  },
  {
    "name": "benchmark/imdb_parachute/06e.benchmark",
    "iteration": 5,
    "num_bloom_filters_in_scan": 0,
    "num_bloom_filters_in_scan": 0,
    "num_bloom_filters_in_scan": 0,
    "num_bloom_filters_in_scan": 0,
    "num_bloom_filters_in_scan": 0,
    "result": "correct",
    "time": 0.187055,
  },
  {
    "name": "benchmark/imdb_parachute/06f.benchmark",
    "iteration": 0,
    "num_bloom_filters_in_scan": 0,
    "num_bloom_filters_in_scan": 0,
    "num_bloom_filters_in_scan": 0,
    "num_bloom_filters_in_scan": 0,
    "num_bloom_filters_in_scan": 0,
  },
  {
    "name": "benchmark/imdb_parachute/06f.benchmark",
    "iteration": 1,
    "num_bloom_filters_in_scan": 0,
    "num_bloom_filters_in_scan": 0,
    "num_bloom_filters_in_scan": 0,
    "num_bloom_filters_in_scan": 0,
    "num_bloom_filters_in_scan": 0,
    "result": "correct",
    "time": 1.48199,
  },
  {
    "name": "benchmark/imdb_parachute/06f.benchmark",
    "iteration": 2,
    "num_bloom_filters_in_scan": 0,
    "num_bloom_filters_in_scan": 0,
    "num_bloom_filters_in_scan": 0,
    "num_bloom_filters_in_scan": 0,
    "num_bloom_filters_in_scan": 0,
    "result": "correct",
    "time": 1.49193,
  },
  {
    "name": "benchmark/imdb_parachute/06f.benchmark",
    "iteration": 3,
    "num_bloom_filters_in_scan": 0,
    "num_bloom_filters_in_scan": 0,
    "num_bloom_filters_in_scan": 0,
    "num_bloom_filters_in_scan": 0,
    "num_bloom_filters_in_scan": 0,
    "result": "correct",
    "time": 1.48442,
  },
  {
    "name": "benchmark/imdb_parachute/06f.benchmark",
    "iteration": 4,
    "num_bloom_filters_in_scan": 0,
    "num_bloom_filters_in_scan": 0,
    "num_bloom_filters_in_scan": 0,
    "num_bloom_filters_in_scan": 0,
    "num_bloom_filters_in_scan": 0,
    "result": "correct",
    "time": 1.50577,
  },
  {
    "name": "benchmark/imdb_parachute/06f.benchmark",
    "iteration": 5,
    "num_bloom_filters_in_scan": 0,
    "num_bloom_filters_in_scan": 0,
    "num_bloom_filters_in_scan": 0,
    "num_bloom_filters_in_scan": 0,
    "num_bloom_filters_in_scan": 0,
    "result": "correct",
    "time": 1.47931,
  },
  {
    "name": "benchmark/imdb_parachute/07a.benchmark",
    "iteration": 0,
    "num_bloom_filters_in_scan": 0,
    "num_bloom_filters_in_scan": 0,
    "num_bloom_filters_in_scan": 0,
    "num_bloom_filters_in_scan": 0,
    "num_bloom_filters_in_scan": 0,
    "num_bloom_filters_in_scan": 0,
    "num_bloom_filters_in_scan": 0,
    "num_bloom_filters_in_scan": 0,
  },
  {
    "name": "benchmark/imdb_parachute/07a.benchmark",
    "iteration": 1,
    "num_bloom_filters_in_scan": 0,
    "num_bloom_filters_in_scan": 0,
    "num_bloom_filters_in_scan": 0,
    "num_bloom_filters_in_scan": 0,
    "num_bloom_filters_in_scan": 0,
    "num_bloom_filters_in_scan": 0,
    "num_bloom_filters_in_scan": 0,
    "num_bloom_filters_in_scan": 0,
    "result": "correct",
    "time": 0.247077,
  },
  {
    "name": "benchmark/imdb_parachute/07a.benchmark",
    "iteration": 2,
    "num_bloom_filters_in_scan": 0,
    "num_bloom_filters_in_scan": 0,
    "num_bloom_filters_in_scan": 0,
    "num_bloom_filters_in_scan": 0,
    "num_bloom_filters_in_scan": 0,
    "num_bloom_filters_in_scan": 0,
    "num_bloom_filters_in_scan": 0,
    "num_bloom_filters_in_scan": 0,
    "result": "correct",
    "time": 0.252954,
  },
  {
    "name": "benchmark/imdb_parachute/07a.benchmark",
    "iteration": 3,
    "num_bloom_filters_in_scan": 0,
    "num_bloom_filters_in_scan": 0,
    "num_bloom_filters_in_scan": 0,
    "num_bloom_filters_in_scan": 0,
    "num_bloom_filters_in_scan": 0,
    "num_bloom_filters_in_scan": 0,
    "num_bloom_filters_in_scan": 0,
    "num_bloom_filters_in_scan": 0,
    "result": "correct",
    "time": 0.25352,
  },
  {
    "name": "benchmark/imdb_parachute/07a.benchmark",
    "iteration": 4,
    "num_bloom_filters_in_scan": 0,
    "num_bloom_filters_in_scan": 0,
    "num_bloom_filters_in_scan": 0,
    "num_bloom_filters_in_scan": 0,
    "num_bloom_filters_in_scan": 0,
    "num_bloom_filters_in_scan": 0,
    "num_bloom_filters_in_scan": 0,
    "num_bloom_filters_in_scan": 0,
    "result": "correct",
    "time": 0.240998,
  },
  {
    "name": "benchmark/imdb_parachute/07a.benchmark",
    "iteration": 5,
    "num_bloom_filters_in_scan": 0,
    "num_bloom_filters_in_scan": 0,
    "num_bloom_filters_in_scan": 0,
    "num_bloom_filters_in_scan": 0,
    "num_bloom_filters_in_scan": 0,
    "num_bloom_filters_in_scan": 0,
    "num_bloom_filters_in_scan": 0,
    "num_bloom_filters_in_scan": 0,
    "result": "correct",
    "time": 0.240309,
  },
  {
    "name": "benchmark/imdb_parachute/07b.benchmark",
    "iteration": 0,
    "num_bloom_filters_in_scan": 0,
    "num_bloom_filters_in_scan": 0,
    "num_bloom_filters_in_scan": 0,
    "num_bloom_filters_in_scan": 0,
    "num_bloom_filters_in_scan": 0,
    "num_bloom_filters_in_scan": 0,
    "num_bloom_filters_in_scan": 0,
    "num_bloom_filters_in_scan": 0,
  },
  {
    "name": "benchmark/imdb_parachute/07b.benchmark",
    "iteration": 1,
    "num_bloom_filters_in_scan": 0,
    "num_bloom_filters_in_scan": 0,
    "num_bloom_filters_in_scan": 0,
    "num_bloom_filters_in_scan": 0,
    "num_bloom_filters_in_scan": 0,
    "num_bloom_filters_in_scan": 0,
    "num_bloom_filters_in_scan": 0,
    "num_bloom_filters_in_scan": 0,
    "result": "correct",
    "time": 0.0873383,
  },
  {
    "name": "benchmark/imdb_parachute/07b.benchmark",
    "iteration": 2,
    "num_bloom_filters_in_scan": 0,
    "num_bloom_filters_in_scan": 0,
    "num_bloom_filters_in_scan": 0,
    "num_bloom_filters_in_scan": 0,
    "num_bloom_filters_in_scan": 0,
    "num_bloom_filters_in_scan": 0,
    "num_bloom_filters_in_scan": 0,
    "num_bloom_filters_in_scan": 0,
    "result": "correct",
    "time": 0.0826904,
  },
  {
    "name": "benchmark/imdb_parachute/07b.benchmark",
    "iteration": 3,
    "num_bloom_filters_in_scan": 0,
    "num_bloom_filters_in_scan": 0,
    "num_bloom_filters_in_scan": 0,
    "num_bloom_filters_in_scan": 0,
    "num_bloom_filters_in_scan": 0,
    "num_bloom_filters_in_scan": 0,
    "num_bloom_filters_in_scan": 0,
    "num_bloom_filters_in_scan": 0,
    "result": "correct",
    "time": 0.0867841,
  },
  {
    "name": "benchmark/imdb_parachute/07b.benchmark",
    "iteration": 4,
    "num_bloom_filters_in_scan": 0,
    "num_bloom_filters_in_scan": 0,
    "num_bloom_filters_in_scan": 0,
    "num_bloom_filters_in_scan": 0,
    "num_bloom_filters_in_scan": 0,
    "num_bloom_filters_in_scan": 0,
    "num_bloom_filters_in_scan": 0,
    "num_bloom_filters_in_scan": 0,
    "result": "correct",
    "time": 0.0839705,
  },
  {
    "name": "benchmark/imdb_parachute/07b.benchmark",
    "iteration": 5,
    "num_bloom_filters_in_scan": 0,
    "num_bloom_filters_in_scan": 0,
    "num_bloom_filters_in_scan": 0,
    "num_bloom_filters_in_scan": 0,
    "num_bloom_filters_in_scan": 0,
    "num_bloom_filters_in_scan": 0,
    "num_bloom_filters_in_scan": 0,
    "num_bloom_filters_in_scan": 0,
    "result": "correct",
    "time": 0.0832277,
  },
  {
    "name": "benchmark/imdb_parachute/07c.benchmark",
    "iteration": 0,
    "num_bloom_filters_in_scan": 0,
    "num_bloom_filters_in_scan": 0,
    "num_bloom_filters_in_scan": 0,
    "num_bloom_filters_in_scan": 0,
    "num_bloom_filters_in_scan": 0,
    "num_bloom_filters_in_scan": 0,
    "num_bloom_filters_in_scan": 0,
    "num_bloom_filters_in_scan": 0,
  },
  {
    "name": "benchmark/imdb_parachute/07c.benchmark",
    "iteration": 1,
    "num_bloom_filters_in_scan": 0,
    "num_bloom_filters_in_scan": 0,
    "num_bloom_filters_in_scan": 0,
    "num_bloom_filters_in_scan": 0,
    "num_bloom_filters_in_scan": 0,
    "num_bloom_filters_in_scan": 0,
    "num_bloom_filters_in_scan": 0,
    "num_bloom_filters_in_scan": 0,
    "result": "correct",
    "time": 2.35721,
  },
  {
    "name": "benchmark/imdb_parachute/07c.benchmark",
    "iteration": 2,
    "num_bloom_filters_in_scan": 0,
    "num_bloom_filters_in_scan": 0,
    "num_bloom_filters_in_scan": 0,
    "num_bloom_filters_in_scan": 0,
    "num_bloom_filters_in_scan": 0,
    "num_bloom_filters_in_scan": 0,
    "num_bloom_filters_in_scan": 0,
    "num_bloom_filters_in_scan": 0,
    "result": "correct",
    "time": 1.97785,
  },
  {
    "name": "benchmark/imdb_parachute/07c.benchmark",
    "iteration": 3,
    "num_bloom_filters_in_scan": 0,
    "num_bloom_filters_in_scan": 0,
    "num_bloom_filters_in_scan": 0,
    "num_bloom_filters_in_scan": 0,
    "num_bloom_filters_in_scan": 0,
    "num_bloom_filters_in_scan": 0,
    "num_bloom_filters_in_scan": 0,
    "num_bloom_filters_in_scan": 0,
    "result": "correct",
    "time": 2.06938,
  },
  {
    "name": "benchmark/imdb_parachute/07c.benchmark",
    "iteration": 4,
    "num_bloom_filters_in_scan": 0,
    "num_bloom_filters_in_scan": 0,
    "num_bloom_filters_in_scan": 0,
    "num_bloom_filters_in_scan": 0,
    "num_bloom_filters_in_scan": 0,
    "num_bloom_filters_in_scan": 0,
    "num_bloom_filters_in_scan": 0,
    "num_bloom_filters_in_scan": 0,
    "result": "correct",
    "time": 2.10409,
  },
  {
    "name": "benchmark/imdb_parachute/07c.benchmark",
    "iteration": 5,
    "num_bloom_filters_in_scan": 0,
    "num_bloom_filters_in_scan": 0,
    "num_bloom_filters_in_scan": 0,
    "num_bloom_filters_in_scan": 0,
    "num_bloom_filters_in_scan": 0,
    "num_bloom_filters_in_scan": 0,
    "num_bloom_filters_in_scan": 0,
    "num_bloom_filters_in_scan": 0,
    "result": "correct",
    "time": 2.00887,
  },
  {
    "name": "benchmark/imdb_parachute/08a.benchmark",
    "iteration": 0,
    "num_bloom_filters_in_scan": 0,
    "num_bloom_filters_in_scan": 0,
    "num_bloom_filters_in_scan": 0,
    "num_bloom_filters_in_scan": 0,
    "num_bloom_filters_in_scan": 0,
    "num_bloom_filters_in_scan": 0,
    "num_bloom_filters_in_scan": 0,
  },
  {
    "name": "benchmark/imdb_parachute/08a.benchmark",
    "iteration": 1,
    "num_bloom_filters_in_scan": 0,
    "num_bloom_filters_in_scan": 0,
    "num_bloom_filters_in_scan": 0,
    "num_bloom_filters_in_scan": 0,
    "num_bloom_filters_in_scan": 0,
    "num_bloom_filters_in_scan": 0,
    "num_bloom_filters_in_scan": 0,
    "result": "correct",
    "time": 0.534271,
  },
  {
    "name": "benchmark/imdb_parachute/08a.benchmark",
    "iteration": 2,
    "num_bloom_filters_in_scan": 0,
    "num_bloom_filters_in_scan": 0,
    "num_bloom_filters_in_scan": 0,
    "num_bloom_filters_in_scan": 0,
    "num_bloom_filters_in_scan": 0,
    "num_bloom_filters_in_scan": 0,
    "num_bloom_filters_in_scan": 0,
    "result": "correct",
    "time": 0.527663,
  },
  {
    "name": "benchmark/imdb_parachute/08a.benchmark",
    "iteration": 3,
    "num_bloom_filters_in_scan": 0,
    "num_bloom_filters_in_scan": 0,
    "num_bloom_filters_in_scan": 0,
    "num_bloom_filters_in_scan": 0,
    "num_bloom_filters_in_scan": 0,
    "num_bloom_filters_in_scan": 0,
    "num_bloom_filters_in_scan": 0,
    "result": "correct",
    "time": 0.526177,
  },
  {
    "name": "benchmark/imdb_parachute/08a.benchmark",
    "iteration": 4,
    "num_bloom_filters_in_scan": 0,
    "num_bloom_filters_in_scan": 0,
    "num_bloom_filters_in_scan": 0,
    "num_bloom_filters_in_scan": 0,
    "num_bloom_filters_in_scan": 0,
    "num_bloom_filters_in_scan": 0,
    "num_bloom_filters_in_scan": 0,
    "result": "correct",
    "time": 0.53062,
  },
  {
    "name": "benchmark/imdb_parachute/08a.benchmark",
    "iteration": 5,
    "num_bloom_filters_in_scan": 0,
    "num_bloom_filters_in_scan": 0,
    "num_bloom_filters_in_scan": 0,
    "num_bloom_filters_in_scan": 0,
    "num_bloom_filters_in_scan": 0,
    "num_bloom_filters_in_scan": 0,
    "num_bloom_filters_in_scan": 0,
    "result": "correct",
    "time": 0.526777,
  },
  {
    "name": "benchmark/imdb_parachute/08b.benchmark",
    "iteration": 0,
    "num_bloom_filters_in_scan": 0,
    "num_bloom_filters_in_scan": 0,
    "num_bloom_filters_in_scan": 0,
    "num_bloom_filters_in_scan": 0,
    "num_bloom_filters_in_scan": 0,
    "num_bloom_filters_in_scan": 0,
    "num_bloom_filters_in_scan": 0,
  },
  {
    "name": "benchmark/imdb_parachute/08b.benchmark",
    "iteration": 1,
    "num_bloom_filters_in_scan": 0,
    "num_bloom_filters_in_scan": 0,
    "num_bloom_filters_in_scan": 0,
    "num_bloom_filters_in_scan": 0,
    "num_bloom_filters_in_scan": 0,
    "num_bloom_filters_in_scan": 0,
    "num_bloom_filters_in_scan": 0,
    "result": "correct",
    "time": 0.469671,
  },
  {
    "name": "benchmark/imdb_parachute/08b.benchmark",
    "iteration": 2,
    "num_bloom_filters_in_scan": 0,
    "num_bloom_filters_in_scan": 0,
    "num_bloom_filters_in_scan": 0,
    "num_bloom_filters_in_scan": 0,
    "num_bloom_filters_in_scan": 0,
    "num_bloom_filters_in_scan": 0,
    "num_bloom_filters_in_scan": 0,
    "result": "correct",
    "time": 0.468078,
  },
  {
    "name": "benchmark/imdb_parachute/08b.benchmark",
    "iteration": 3,
    "num_bloom_filters_in_scan": 0,
    "num_bloom_filters_in_scan": 0,
    "num_bloom_filters_in_scan": 0,
    "num_bloom_filters_in_scan": 0,
    "num_bloom_filters_in_scan": 0,
    "num_bloom_filters_in_scan": 0,
    "num_bloom_filters_in_scan": 0,
    "result": "correct",
    "time": 0.468942,
  },
  {
    "name": "benchmark/imdb_parachute/08b.benchmark",
    "iteration": 4,
    "num_bloom_filters_in_scan": 0,
    "num_bloom_filters_in_scan": 0,
    "num_bloom_filters_in_scan": 0,
    "num_bloom_filters_in_scan": 0,
    "num_bloom_filters_in_scan": 0,
    "num_bloom_filters_in_scan": 0,
    "num_bloom_filters_in_scan": 0,
    "result": "correct",
    "time": 0.468588,
  },
  {
    "name": "benchmark/imdb_parachute/08b.benchmark",
    "iteration": 5,
    "num_bloom_filters_in_scan": 0,
    "num_bloom_filters_in_scan": 0,
    "num_bloom_filters_in_scan": 0,
    "num_bloom_filters_in_scan": 0,
    "num_bloom_filters_in_scan": 0,
    "num_bloom_filters_in_scan": 0,
    "num_bloom_filters_in_scan": 0,
    "result": "correct",
    "time": 0.474161,
  },
  {
    "name": "benchmark/imdb_parachute/08c.benchmark",
    "iteration": 0,
    "num_bloom_filters_in_scan": 0,
    "num_bloom_filters_in_scan": 0,
    "num_bloom_filters_in_scan": 0,
    "num_bloom_filters_in_scan": 0,
    "num_bloom_filters_in_scan": 0,
    "num_bloom_filters_in_scan": 0,
    "num_bloom_filters_in_scan": 0,
  },
  {
    "name": "benchmark/imdb_parachute/08c.benchmark",
    "iteration": 1,
    "num_bloom_filters_in_scan": 0,
    "num_bloom_filters_in_scan": 0,
    "num_bloom_filters_in_scan": 0,
    "num_bloom_filters_in_scan": 0,
    "num_bloom_filters_in_scan": 0,
    "num_bloom_filters_in_scan": 0,
    "num_bloom_filters_in_scan": 0,
    "result": "correct",
    "time": 1.24787,
  },
  {
    "name": "benchmark/imdb_parachute/08c.benchmark",
    "iteration": 2,
    "num_bloom_filters_in_scan": 0,
    "num_bloom_filters_in_scan": 0,
    "num_bloom_filters_in_scan": 0,
    "num_bloom_filters_in_scan": 0,
    "num_bloom_filters_in_scan": 0,
    "num_bloom_filters_in_scan": 0,
    "num_bloom_filters_in_scan": 0,
    "result": "correct",
    "time": 1.2651,
  },
  {
    "name": "benchmark/imdb_parachute/08c.benchmark",
    "iteration": 3,
    "num_bloom_filters_in_scan": 0,
    "num_bloom_filters_in_scan": 0,
    "num_bloom_filters_in_scan": 0,
    "num_bloom_filters_in_scan": 0,
    "num_bloom_filters_in_scan": 0,
    "num_bloom_filters_in_scan": 0,
    "num_bloom_filters_in_scan": 0,
    "result": "correct",
    "time": 1.28532,
  },
  {
    "name": "benchmark/imdb_parachute/08c.benchmark",
    "iteration": 4,
    "num_bloom_filters_in_scan": 0,
    "num_bloom_filters_in_scan": 0,
    "num_bloom_filters_in_scan": 0,
    "num_bloom_filters_in_scan": 0,
    "num_bloom_filters_in_scan": 0,
    "num_bloom_filters_in_scan": 0,
    "num_bloom_filters_in_scan": 0,
    "result": "correct",
    "time": 1.24642,
  },
  {
    "name": "benchmark/imdb_parachute/08c.benchmark",
    "iteration": 5,
    "num_bloom_filters_in_scan": 0,
    "num_bloom_filters_in_scan": 0,
    "num_bloom_filters_in_scan": 0,
    "num_bloom_filters_in_scan": 0,
    "num_bloom_filters_in_scan": 0,
    "num_bloom_filters_in_scan": 0,
    "num_bloom_filters_in_scan": 0,
    "result": "correct",
    "time": 1.2467,
  },
  {
    "name": "benchmark/imdb_parachute/08d.benchmark",
    "iteration": 0,
    "num_bloom_filters_in_scan": 0,
    "num_bloom_filters_in_scan": 0,
    "num_bloom_filters_in_scan": 0,
    "num_bloom_filters_in_scan": 0,
    "num_bloom_filters_in_scan": 0,
    "num_bloom_filters_in_scan": 0,
    "num_bloom_filters_in_scan": 0,
  },
  {
    "name": "benchmark/imdb_parachute/08d.benchmark",
    "iteration": 1,
    "num_bloom_filters_in_scan": 0,
    "num_bloom_filters_in_scan": 0,
    "num_bloom_filters_in_scan": 0,
    "num_bloom_filters_in_scan": 0,
    "num_bloom_filters_in_scan": 0,
    "num_bloom_filters_in_scan": 0,
    "num_bloom_filters_in_scan": 0,
    "result": "correct",
    "time": 0.417534,
  },
  {
    "name": "benchmark/imdb_parachute/08d.benchmark",
    "iteration": 2,
    "num_bloom_filters_in_scan": 0,
    "num_bloom_filters_in_scan": 0,
    "num_bloom_filters_in_scan": 0,
    "num_bloom_filters_in_scan": 0,
    "num_bloom_filters_in_scan": 0,
    "num_bloom_filters_in_scan": 0,
    "num_bloom_filters_in_scan": 0,
    "result": "correct",
    "time": 0.411079,
  },
  {
    "name": "benchmark/imdb_parachute/08d.benchmark",
    "iteration": 3,
    "num_bloom_filters_in_scan": 0,
    "num_bloom_filters_in_scan": 0,
    "num_bloom_filters_in_scan": 0,
    "num_bloom_filters_in_scan": 0,
    "num_bloom_filters_in_scan": 0,
    "num_bloom_filters_in_scan": 0,
    "num_bloom_filters_in_scan": 0,
    "result": "correct",
    "time": 0.410383,
  },
  {
    "name": "benchmark/imdb_parachute/08d.benchmark",
    "iteration": 4,
    "num_bloom_filters_in_scan": 0,
    "num_bloom_filters_in_scan": 0,
    "num_bloom_filters_in_scan": 0,
    "num_bloom_filters_in_scan": 0,
    "num_bloom_filters_in_scan": 0,
    "num_bloom_filters_in_scan": 0,
    "num_bloom_filters_in_scan": 0,
    "result": "correct",
    "time": 0.412609,
  },
  {
    "name": "benchmark/imdb_parachute/08d.benchmark",
    "iteration": 5,
    "num_bloom_filters_in_scan": 0,
    "num_bloom_filters_in_scan": 0,
    "num_bloom_filters_in_scan": 0,
    "num_bloom_filters_in_scan": 0,
    "num_bloom_filters_in_scan": 0,
    "num_bloom_filters_in_scan": 0,
    "num_bloom_filters_in_scan": 0,
    "result": "correct",
    "time": 0.41041,
  },
  {
    "name": "benchmark/imdb_parachute/09a.benchmark",
    "iteration": 0,
    "num_bloom_filters_in_scan": 0,
    "num_bloom_filters_in_scan": 0,
    "num_bloom_filters_in_scan": 0,
    "num_bloom_filters_in_scan": 0,
    "num_bloom_filters_in_scan": 0,
    "num_bloom_filters_in_scan": 0,
    "num_bloom_filters_in_scan": 0,
    "num_bloom_filters_in_scan": 0,
  },
  {
    "name": "benchmark/imdb_parachute/09a.benchmark",
    "iteration": 1,
    "num_bloom_filters_in_scan": 0,
    "num_bloom_filters_in_scan": 0,
    "num_bloom_filters_in_scan": 0,
    "num_bloom_filters_in_scan": 0,
    "num_bloom_filters_in_scan": 0,
    "num_bloom_filters_in_scan": 0,
    "num_bloom_filters_in_scan": 0,
    "num_bloom_filters_in_scan": 0,
    "result": "correct",
    "time": 0.729133,
  },
  {
    "name": "benchmark/imdb_parachute/09a.benchmark",
    "iteration": 2,
    "num_bloom_filters_in_scan": 0,
    "num_bloom_filters_in_scan": 0,
    "num_bloom_filters_in_scan": 0,
    "num_bloom_filters_in_scan": 0,
    "num_bloom_filters_in_scan": 0,
    "num_bloom_filters_in_scan": 0,
    "num_bloom_filters_in_scan": 0,
    "num_bloom_filters_in_scan": 0,
    "result": "correct",
    "time": 0.725754,
  },
  {
    "name": "benchmark/imdb_parachute/09a.benchmark",
    "iteration": 3,
    "num_bloom_filters_in_scan": 0,
    "num_bloom_filters_in_scan": 0,
    "num_bloom_filters_in_scan": 0,
    "num_bloom_filters_in_scan": 0,
    "num_bloom_filters_in_scan": 0,
    "num_bloom_filters_in_scan": 0,
    "num_bloom_filters_in_scan": 0,
    "num_bloom_filters_in_scan": 0,
    "result": "correct",
    "time": 0.729695,
  },
  {
    "name": "benchmark/imdb_parachute/09a.benchmark",
    "iteration": 4,
    "num_bloom_filters_in_scan": 0,
    "num_bloom_filters_in_scan": 0,
    "num_bloom_filters_in_scan": 0,
    "num_bloom_filters_in_scan": 0,
    "num_bloom_filters_in_scan": 0,
    "num_bloom_filters_in_scan": 0,
    "num_bloom_filters_in_scan": 0,
    "num_bloom_filters_in_scan": 0,
    "result": "correct",
    "time": 0.716536,
  },
  {
    "name": "benchmark/imdb_parachute/09a.benchmark",
    "iteration": 5,
    "num_bloom_filters_in_scan": 0,
    "num_bloom_filters_in_scan": 0,
    "num_bloom_filters_in_scan": 0,
    "num_bloom_filters_in_scan": 0,
    "num_bloom_filters_in_scan": 0,
    "num_bloom_filters_in_scan": 0,
    "num_bloom_filters_in_scan": 0,
    "num_bloom_filters_in_scan": 0,
    "result": "correct",
    "time": 0.716777,
  },
  {
    "name": "benchmark/imdb_parachute/09b.benchmark",
    "iteration": 0,
    "num_bloom_filters_in_scan": 0,
    "num_bloom_filters_in_scan": 0,
    "num_bloom_filters_in_scan": 0,
    "num_bloom_filters_in_scan": 0,
    "num_bloom_filters_in_scan": 0,
    "num_bloom_filters_in_scan": 0,
    "num_bloom_filters_in_scan": 0,
    "num_bloom_filters_in_scan": 0,
  },
  {
    "name": "benchmark/imdb_parachute/09b.benchmark",
    "iteration": 1,
    "num_bloom_filters_in_scan": 0,
    "num_bloom_filters_in_scan": 0,
    "num_bloom_filters_in_scan": 0,
    "num_bloom_filters_in_scan": 0,
    "num_bloom_filters_in_scan": 0,
    "num_bloom_filters_in_scan": 0,
    "num_bloom_filters_in_scan": 0,
    "num_bloom_filters_in_scan": 0,
    "result": "correct",
    "time": 0.732351,
  },
  {
    "name": "benchmark/imdb_parachute/09b.benchmark",
    "iteration": 2,
    "num_bloom_filters_in_scan": 0,
    "num_bloom_filters_in_scan": 0,
    "num_bloom_filters_in_scan": 0,
    "num_bloom_filters_in_scan": 0,
    "num_bloom_filters_in_scan": 0,
    "num_bloom_filters_in_scan": 0,
    "num_bloom_filters_in_scan": 0,
    "num_bloom_filters_in_scan": 0,
    "result": "correct",
    "time": 0.728171,
  },
  {
    "name": "benchmark/imdb_parachute/09b.benchmark",
    "iteration": 3,
    "num_bloom_filters_in_scan": 0,
    "num_bloom_filters_in_scan": 0,
    "num_bloom_filters_in_scan": 0,
    "num_bloom_filters_in_scan": 0,
    "num_bloom_filters_in_scan": 0,
    "num_bloom_filters_in_scan": 0,
    "num_bloom_filters_in_scan": 0,
    "num_bloom_filters_in_scan": 0,
    "result": "correct",
    "time": 0.756114,
  },
  {
    "name": "benchmark/imdb_parachute/09b.benchmark",
    "iteration": 4,
    "num_bloom_filters_in_scan": 0,
    "num_bloom_filters_in_scan": 0,
    "num_bloom_filters_in_scan": 0,
    "num_bloom_filters_in_scan": 0,
    "num_bloom_filters_in_scan": 0,
    "num_bloom_filters_in_scan": 0,
    "num_bloom_filters_in_scan": 0,
    "num_bloom_filters_in_scan": 0,
    "result": "correct",
    "time": 0.731116,
  },
  {
    "name": "benchmark/imdb_parachute/09b.benchmark",
    "iteration": 5,
    "num_bloom_filters_in_scan": 0,
    "num_bloom_filters_in_scan": 0,
    "num_bloom_filters_in_scan": 0,
    "num_bloom_filters_in_scan": 0,
    "num_bloom_filters_in_scan": 0,
    "num_bloom_filters_in_scan": 0,
    "num_bloom_filters_in_scan": 0,
    "num_bloom_filters_in_scan": 0,
    "result": "correct",
    "time": 0.759129,
  },
  {
    "name": "benchmark/imdb_parachute/09c.benchmark",
    "iteration": 0,
    "num_bloom_filters_in_scan": 0,
    "num_bloom_filters_in_scan": 0,
    "num_bloom_filters_in_scan": 0,
    "num_bloom_filters_in_scan": 0,
    "num_bloom_filters_in_scan": 0,
    "num_bloom_filters_in_scan": 0,
    "num_bloom_filters_in_scan": 0,
    "num_bloom_filters_in_scan": 0,
  },
  {
    "name": "benchmark/imdb_parachute/09c.benchmark",
    "iteration": 1,
    "num_bloom_filters_in_scan": 0,
    "num_bloom_filters_in_scan": 0,
    "num_bloom_filters_in_scan": 0,
    "num_bloom_filters_in_scan": 0,
    "num_bloom_filters_in_scan": 0,
    "num_bloom_filters_in_scan": 0,
    "num_bloom_filters_in_scan": 0,
    "num_bloom_filters_in_scan": 0,
    "result": "correct",
    "time": 0.510173,
  },
  {
    "name": "benchmark/imdb_parachute/09c.benchmark",
    "iteration": 2,
    "num_bloom_filters_in_scan": 0,
    "num_bloom_filters_in_scan": 0,
    "num_bloom_filters_in_scan": 0,
    "num_bloom_filters_in_scan": 0,
    "num_bloom_filters_in_scan": 0,
    "num_bloom_filters_in_scan": 0,
    "num_bloom_filters_in_scan": 0,
    "num_bloom_filters_in_scan": 0,
    "result": "correct",
    "time": 0.506747,
  },
  {
    "name": "benchmark/imdb_parachute/09c.benchmark",
    "iteration": 3,
    "num_bloom_filters_in_scan": 0,
    "num_bloom_filters_in_scan": 0,
    "num_bloom_filters_in_scan": 0,
    "num_bloom_filters_in_scan": 0,
    "num_bloom_filters_in_scan": 0,
    "num_bloom_filters_in_scan": 0,
    "num_bloom_filters_in_scan": 0,
    "num_bloom_filters_in_scan": 0,
    "result": "correct",
    "time": 0.510626,
  },
  {
    "name": "benchmark/imdb_parachute/09c.benchmark",
    "iteration": 4,
    "num_bloom_filters_in_scan": 0,
    "num_bloom_filters_in_scan": 0,
    "num_bloom_filters_in_scan": 0,
    "num_bloom_filters_in_scan": 0,
    "num_bloom_filters_in_scan": 0,
    "num_bloom_filters_in_scan": 0,
    "num_bloom_filters_in_scan": 0,
    "num_bloom_filters_in_scan": 0,
    "result": "correct",
    "time": 0.507896,
  },
  {
    "name": "benchmark/imdb_parachute/09c.benchmark",
    "iteration": 5,
    "num_bloom_filters_in_scan": 0,
    "num_bloom_filters_in_scan": 0,
    "num_bloom_filters_in_scan": 0,
    "num_bloom_filters_in_scan": 0,
    "num_bloom_filters_in_scan": 0,
    "num_bloom_filters_in_scan": 0,
    "num_bloom_filters_in_scan": 0,
    "num_bloom_filters_in_scan": 0,
    "result": "correct",
    "time": 0.510937,
  },
  {
    "name": "benchmark/imdb_parachute/09d.benchmark",
    "iteration": 0,
    "num_bloom_filters_in_scan": 0,
    "num_bloom_filters_in_scan": 0,
    "num_bloom_filters_in_scan": 0,
    "num_bloom_filters_in_scan": 0,
    "num_bloom_filters_in_scan": 0,
    "num_bloom_filters_in_scan": 0,
    "num_bloom_filters_in_scan": 0,
    "num_bloom_filters_in_scan": 0,
  },
  {
    "name": "benchmark/imdb_parachute/09d.benchmark",
    "iteration": 1,
    "num_bloom_filters_in_scan": 0,
    "num_bloom_filters_in_scan": 0,
    "num_bloom_filters_in_scan": 0,
    "num_bloom_filters_in_scan": 0,
    "num_bloom_filters_in_scan": 0,
    "num_bloom_filters_in_scan": 0,
    "num_bloom_filters_in_scan": 0,
    "num_bloom_filters_in_scan": 0,
    "result": "correct",
    "time": 1.2101,
  },
  {
    "name": "benchmark/imdb_parachute/09d.benchmark",
    "iteration": 2,
    "num_bloom_filters_in_scan": 0,
    "num_bloom_filters_in_scan": 0,
    "num_bloom_filters_in_scan": 0,
    "num_bloom_filters_in_scan": 0,
    "num_bloom_filters_in_scan": 0,
    "num_bloom_filters_in_scan": 0,
    "num_bloom_filters_in_scan": 0,
    "num_bloom_filters_in_scan": 0,
    "result": "correct",
    "time": 1.24204,
  },
  {
    "name": "benchmark/imdb_parachute/09d.benchmark",
    "iteration": 3,
    "num_bloom_filters_in_scan": 0,
    "num_bloom_filters_in_scan": 0,
    "num_bloom_filters_in_scan": 0,
    "num_bloom_filters_in_scan": 0,
    "num_bloom_filters_in_scan": 0,
    "num_bloom_filters_in_scan": 0,
    "num_bloom_filters_in_scan": 0,
    "num_bloom_filters_in_scan": 0,
    "result": "correct",
    "time": 1.21431,
  },
  {
    "name": "benchmark/imdb_parachute/09d.benchmark",
    "iteration": 4,
    "num_bloom_filters_in_scan": 0,
    "num_bloom_filters_in_scan": 0,
    "num_bloom_filters_in_scan": 0,
    "num_bloom_filters_in_scan": 0,
    "num_bloom_filters_in_scan": 0,
    "num_bloom_filters_in_scan": 0,
    "num_bloom_filters_in_scan": 0,
    "num_bloom_filters_in_scan": 0,
    "result": "correct",
    "time": 1.20714,
  },
  {
    "name": "benchmark/imdb_parachute/09d.benchmark",
    "iteration": 5,
    "num_bloom_filters_in_scan": 0,
    "num_bloom_filters_in_scan": 0,
    "num_bloom_filters_in_scan": 0,
    "num_bloom_filters_in_scan": 0,
    "num_bloom_filters_in_scan": 0,
    "num_bloom_filters_in_scan": 0,
    "num_bloom_filters_in_scan": 0,
    "num_bloom_filters_in_scan": 0,
    "result": "correct",
    "time": 1.2081,
  },
  {
    "name": "benchmark/imdb_parachute/10a.benchmark",
    "iteration": 0,
    "num_bloom_filters_in_scan": 0,
    "num_bloom_filters_in_scan": 0,
    "num_bloom_filters_in_scan": 0,
    "num_bloom_filters_in_scan": 0,
    "num_bloom_filters_in_scan": 0,
    "num_bloom_filters_in_scan": 0,
    "num_bloom_filters_in_scan": 0,
  },
  {
    "name": "benchmark/imdb_parachute/10a.benchmark",
    "iteration": 1,
    "num_bloom_filters_in_scan": 0,
    "num_bloom_filters_in_scan": 0,
    "num_bloom_filters_in_scan": 0,
    "num_bloom_filters_in_scan": 0,
    "num_bloom_filters_in_scan": 0,
    "num_bloom_filters_in_scan": 0,
    "num_bloom_filters_in_scan": 0,
    "result": "correct",
    "time": 0.31521,
  },
  {
    "name": "benchmark/imdb_parachute/10a.benchmark",
    "iteration": 2,
    "num_bloom_filters_in_scan": 0,
    "num_bloom_filters_in_scan": 0,
    "num_bloom_filters_in_scan": 0,
    "num_bloom_filters_in_scan": 0,
    "num_bloom_filters_in_scan": 0,
    "num_bloom_filters_in_scan": 0,
    "num_bloom_filters_in_scan": 0,
    "result": "correct",
    "time": 0.316798,
  },
  {
    "name": "benchmark/imdb_parachute/10a.benchmark",
    "iteration": 3,
    "num_bloom_filters_in_scan": 0,
    "num_bloom_filters_in_scan": 0,
    "num_bloom_filters_in_scan": 0,
    "num_bloom_filters_in_scan": 0,
    "num_bloom_filters_in_scan": 0,
    "num_bloom_filters_in_scan": 0,
    "num_bloom_filters_in_scan": 0,
    "result": "correct",
    "time": 0.313433,
  },
  {
    "name": "benchmark/imdb_parachute/10a.benchmark",
    "iteration": 4,
    "num_bloom_filters_in_scan": 0,
    "num_bloom_filters_in_scan": 0,
    "num_bloom_filters_in_scan": 0,
    "num_bloom_filters_in_scan": 0,
    "num_bloom_filters_in_scan": 0,
    "num_bloom_filters_in_scan": 0,
    "num_bloom_filters_in_scan": 0,
    "result": "correct",
    "time": 0.312961,
  },
  {
    "name": "benchmark/imdb_parachute/10a.benchmark",
    "iteration": 5,
    "num_bloom_filters_in_scan": 0,
    "num_bloom_filters_in_scan": 0,
    "num_bloom_filters_in_scan": 0,
    "num_bloom_filters_in_scan": 0,
    "num_bloom_filters_in_scan": 0,
    "num_bloom_filters_in_scan": 0,
    "num_bloom_filters_in_scan": 0,
    "result": "correct",
    "time": 0.3151,
  },
  {
    "name": "benchmark/imdb_parachute/10b.benchmark",
    "iteration": 0,
    "num_bloom_filters_in_scan": 0,
    "num_bloom_filters_in_scan": 0,
    "num_bloom_filters_in_scan": 0,
    "num_bloom_filters_in_scan": 0,
    "num_bloom_filters_in_scan": 0,
    "num_bloom_filters_in_scan": 0,
    "num_bloom_filters_in_scan": 0,
  },
  {
    "name": "benchmark/imdb_parachute/10b.benchmark",
    "iteration": 1,
    "num_bloom_filters_in_scan": 0,
    "num_bloom_filters_in_scan": 0,
    "num_bloom_filters_in_scan": 0,
    "num_bloom_filters_in_scan": 0,
    "num_bloom_filters_in_scan": 0,
    "num_bloom_filters_in_scan": 0,
    "num_bloom_filters_in_scan": 0,
    "result": "correct",
    "time": 0.312473,
  },
  {
    "name": "benchmark/imdb_parachute/10b.benchmark",
    "iteration": 2,
    "num_bloom_filters_in_scan": 0,
    "num_bloom_filters_in_scan": 0,
    "num_bloom_filters_in_scan": 0,
    "num_bloom_filters_in_scan": 0,
    "num_bloom_filters_in_scan": 0,
    "num_bloom_filters_in_scan": 0,
    "num_bloom_filters_in_scan": 0,
    "result": "correct",
    "time": 0.31261,
  },
  {
    "name": "benchmark/imdb_parachute/10b.benchmark",
    "iteration": 3,
    "num_bloom_filters_in_scan": 0,
    "num_bloom_filters_in_scan": 0,
    "num_bloom_filters_in_scan": 0,
    "num_bloom_filters_in_scan": 0,
    "num_bloom_filters_in_scan": 0,
    "num_bloom_filters_in_scan": 0,
    "num_bloom_filters_in_scan": 0,
    "result": "correct",
    "time": 0.310647,
  },
  {
    "name": "benchmark/imdb_parachute/10b.benchmark",
    "iteration": 4,
    "num_bloom_filters_in_scan": 0,
    "num_bloom_filters_in_scan": 0,
    "num_bloom_filters_in_scan": 0,
    "num_bloom_filters_in_scan": 0,
    "num_bloom_filters_in_scan": 0,
    "num_bloom_filters_in_scan": 0,
    "num_bloom_filters_in_scan": 0,
    "result": "correct",
    "time": 0.309301,
  },
  {
    "name": "benchmark/imdb_parachute/10b.benchmark",
    "iteration": 5,
    "num_bloom_filters_in_scan": 0,
    "num_bloom_filters_in_scan": 0,
    "num_bloom_filters_in_scan": 0,
    "num_bloom_filters_in_scan": 0,
    "num_bloom_filters_in_scan": 0,
    "num_bloom_filters_in_scan": 0,
    "num_bloom_filters_in_scan": 0,
    "result": "correct",
    "time": 0.309382,
  },
  {
    "name": "benchmark/imdb_parachute/10c.benchmark",
    "iteration": 0,
    "num_bloom_filters_in_scan": 0,
    "num_bloom_filters_in_scan": 0,
    "num_bloom_filters_in_scan": 0,
    "num_bloom_filters_in_scan": 0,
    "num_bloom_filters_in_scan": 0,
    "num_bloom_filters_in_scan": 0,
    "num_bloom_filters_in_scan": 0,
  },
  {
    "name": "benchmark/imdb_parachute/10c.benchmark",
    "iteration": 1,
    "num_bloom_filters_in_scan": 0,
    "num_bloom_filters_in_scan": 0,
    "num_bloom_filters_in_scan": 0,
    "num_bloom_filters_in_scan": 0,
    "num_bloom_filters_in_scan": 0,
    "num_bloom_filters_in_scan": 0,
    "num_bloom_filters_in_scan": 0,
    "result": "correct",
    "time": 0.872898,
  },
  {
    "name": "benchmark/imdb_parachute/10c.benchmark",
    "iteration": 2,
    "num_bloom_filters_in_scan": 0,
    "num_bloom_filters_in_scan": 0,
    "num_bloom_filters_in_scan": 0,
    "num_bloom_filters_in_scan": 0,
    "num_bloom_filters_in_scan": 0,
    "num_bloom_filters_in_scan": 0,
    "num_bloom_filters_in_scan": 0,
    "result": "correct",
    "time": 0.867797,
  },
  {
    "name": "benchmark/imdb_parachute/10c.benchmark",
    "iteration": 3,
    "num_bloom_filters_in_scan": 0,
    "num_bloom_filters_in_scan": 0,
    "num_bloom_filters_in_scan": 0,
    "num_bloom_filters_in_scan": 0,
    "num_bloom_filters_in_scan": 0,
    "num_bloom_filters_in_scan": 0,
    "num_bloom_filters_in_scan": 0,
    "result": "correct",
    "time": 0.871263,
  },
  {
    "name": "benchmark/imdb_parachute/10c.benchmark",
    "iteration": 4,
    "num_bloom_filters_in_scan": 0,
    "num_bloom_filters_in_scan": 0,
    "num_bloom_filters_in_scan": 0,
    "num_bloom_filters_in_scan": 0,
    "num_bloom_filters_in_scan": 0,
    "num_bloom_filters_in_scan": 0,
    "num_bloom_filters_in_scan": 0,
    "result": "correct",
    "time": 0.874006,
  },
  {
    "name": "benchmark/imdb_parachute/10c.benchmark",
    "iteration": 5,
    "num_bloom_filters_in_scan": 0,
    "num_bloom_filters_in_scan": 0,
    "num_bloom_filters_in_scan": 0,
    "num_bloom_filters_in_scan": 0,
    "num_bloom_filters_in_scan": 0,
    "num_bloom_filters_in_scan": 0,
    "num_bloom_filters_in_scan": 0,
    "result": "correct",
    "time": 0.872849,
  },
  {
    "name": "benchmark/imdb_parachute/11a.benchmark",
    "iteration": 0,
    "num_bloom_filters_in_scan": 0,
    "num_bloom_filters_in_scan": 0,
    "num_bloom_filters_in_scan": 0,
    "num_bloom_filters_in_scan": 0,
    "num_bloom_filters_in_scan": 0,
    "num_bloom_filters_in_scan": 0,
    "num_bloom_filters_in_scan": 0,
    "num_bloom_filters_in_scan": 0,
  },
  {
    "name": "benchmark/imdb_parachute/11a.benchmark",
    "iteration": 1,
    "num_bloom_filters_in_scan": 0,
    "num_bloom_filters_in_scan": 0,
    "num_bloom_filters_in_scan": 0,
    "num_bloom_filters_in_scan": 0,
    "num_bloom_filters_in_scan": 0,
    "num_bloom_filters_in_scan": 0,
    "num_bloom_filters_in_scan": 0,
    "num_bloom_filters_in_scan": 0,
    "result": "correct",
    "time": 0.0389212,
  },
  {
    "name": "benchmark/imdb_parachute/11a.benchmark",
    "iteration": 2,
    "num_bloom_filters_in_scan": 0,
    "num_bloom_filters_in_scan": 0,
    "num_bloom_filters_in_scan": 0,
    "num_bloom_filters_in_scan": 0,
    "num_bloom_filters_in_scan": 0,
    "num_bloom_filters_in_scan": 0,
    "num_bloom_filters_in_scan": 0,
    "num_bloom_filters_in_scan": 0,
    "result": "correct",
    "time": 0.036543,
  },
  {
    "name": "benchmark/imdb_parachute/11a.benchmark",
    "iteration": 3,
    "num_bloom_filters_in_scan": 0,
    "num_bloom_filters_in_scan": 0,
    "num_bloom_filters_in_scan": 0,
    "num_bloom_filters_in_scan": 0,
    "num_bloom_filters_in_scan": 0,
    "num_bloom_filters_in_scan": 0,
    "num_bloom_filters_in_scan": 0,
    "num_bloom_filters_in_scan": 0,
    "result": "correct",
    "time": 0.0369249,
  },
  {
    "name": "benchmark/imdb_parachute/11a.benchmark",
    "iteration": 4,
    "num_bloom_filters_in_scan": 0,
    "num_bloom_filters_in_scan": 0,
    "num_bloom_filters_in_scan": 0,
    "num_bloom_filters_in_scan": 0,
    "num_bloom_filters_in_scan": 0,
    "num_bloom_filters_in_scan": 0,
    "num_bloom_filters_in_scan": 0,
    "num_bloom_filters_in_scan": 0,
    "result": "correct",
    "time": 0.0359238,
  },
  {
    "name": "benchmark/imdb_parachute/11a.benchmark",
    "iteration": 5,
    "num_bloom_filters_in_scan": 0,
    "num_bloom_filters_in_scan": 0,
    "num_bloom_filters_in_scan": 0,
    "num_bloom_filters_in_scan": 0,
    "num_bloom_filters_in_scan": 0,
    "num_bloom_filters_in_scan": 0,
    "num_bloom_filters_in_scan": 0,
    "num_bloom_filters_in_scan": 0,
    "result": "correct",
    "time": 0.0382542,
  },
  {
    "name": "benchmark/imdb_parachute/11b.benchmark",
    "iteration": 0,
    "num_bloom_filters_in_scan": 0,
    "num_bloom_filters_in_scan": 0,
    "num_bloom_filters_in_scan": 0,
    "num_bloom_filters_in_scan": 0,
    "num_bloom_filters_in_scan": 0,
    "num_bloom_filters_in_scan": 0,
    "num_bloom_filters_in_scan": 0,
    "num_bloom_filters_in_scan": 0,
  },
  {
    "name": "benchmark/imdb_parachute/11b.benchmark",
    "iteration": 1,
    "num_bloom_filters_in_scan": 0,
    "num_bloom_filters_in_scan": 0,
    "num_bloom_filters_in_scan": 0,
    "num_bloom_filters_in_scan": 0,
    "num_bloom_filters_in_scan": 0,
    "num_bloom_filters_in_scan": 0,
    "num_bloom_filters_in_scan": 0,
    "num_bloom_filters_in_scan": 0,
    "result": "correct",
    "time": 0.0658547,
  },
  {
    "name": "benchmark/imdb_parachute/11b.benchmark",
    "iteration": 2,
    "num_bloom_filters_in_scan": 0,
    "num_bloom_filters_in_scan": 0,
    "num_bloom_filters_in_scan": 0,
    "num_bloom_filters_in_scan": 0,
    "num_bloom_filters_in_scan": 0,
    "num_bloom_filters_in_scan": 0,
    "num_bloom_filters_in_scan": 0,
    "num_bloom_filters_in_scan": 0,
    "result": "correct",
    "time": 0.0655612,
  },
  {
    "name": "benchmark/imdb_parachute/11b.benchmark",
    "iteration": 3,
    "num_bloom_filters_in_scan": 0,
    "num_bloom_filters_in_scan": 0,
    "num_bloom_filters_in_scan": 0,
    "num_bloom_filters_in_scan": 0,
    "num_bloom_filters_in_scan": 0,
    "num_bloom_filters_in_scan": 0,
    "num_bloom_filters_in_scan": 0,
    "num_bloom_filters_in_scan": 0,
    "result": "correct",
    "time": 0.0653535,
  },
  {
    "name": "benchmark/imdb_parachute/11b.benchmark",
    "iteration": 4,
    "num_bloom_filters_in_scan": 0,
    "num_bloom_filters_in_scan": 0,
    "num_bloom_filters_in_scan": 0,
    "num_bloom_filters_in_scan": 0,
    "num_bloom_filters_in_scan": 0,
    "num_bloom_filters_in_scan": 0,
    "num_bloom_filters_in_scan": 0,
    "num_bloom_filters_in_scan": 0,
    "result": "correct",
    "time": 0.065012,
  },
  {
    "name": "benchmark/imdb_parachute/11b.benchmark",
    "iteration": 5,
    "num_bloom_filters_in_scan": 0,
    "num_bloom_filters_in_scan": 0,
    "num_bloom_filters_in_scan": 0,
    "num_bloom_filters_in_scan": 0,
    "num_bloom_filters_in_scan": 0,
    "num_bloom_filters_in_scan": 0,
    "num_bloom_filters_in_scan": 0,
    "num_bloom_filters_in_scan": 0,
    "result": "correct",
    "time": 0.0651583,
  },
  {
    "name": "benchmark/imdb_parachute/11c.benchmark",
    "iteration": 0,
    "num_bloom_filters_in_scan": 0,
    "num_bloom_filters_in_scan": 0,
    "num_bloom_filters_in_scan": 0,
    "num_bloom_filters_in_scan": 0,
    "num_bloom_filters_in_scan": 0,
    "num_bloom_filters_in_scan": 0,
    "num_bloom_filters_in_scan": 0,
    "num_bloom_filters_in_scan": 0,
  },
  {
    "name": "benchmark/imdb_parachute/11c.benchmark",
    "iteration": 1,
    "num_bloom_filters_in_scan": 0,
    "num_bloom_filters_in_scan": 0,
    "num_bloom_filters_in_scan": 0,
    "num_bloom_filters_in_scan": 0,
    "num_bloom_filters_in_scan": 0,
    "num_bloom_filters_in_scan": 0,
    "num_bloom_filters_in_scan": 0,
    "num_bloom_filters_in_scan": 0,
    "result": "correct",
    "time": 0.162282,
  },
  {
    "name": "benchmark/imdb_parachute/11c.benchmark",
    "iteration": 2,
    "num_bloom_filters_in_scan": 0,
    "num_bloom_filters_in_scan": 0,
    "num_bloom_filters_in_scan": 0,
    "num_bloom_filters_in_scan": 0,
    "num_bloom_filters_in_scan": 0,
    "num_bloom_filters_in_scan": 0,
    "num_bloom_filters_in_scan": 0,
    "num_bloom_filters_in_scan": 0,
    "result": "correct",
    "time": 0.158122,
  },
  {
    "name": "benchmark/imdb_parachute/11c.benchmark",
    "iteration": 3,
    "num_bloom_filters_in_scan": 0,
    "num_bloom_filters_in_scan": 0,
    "num_bloom_filters_in_scan": 0,
    "num_bloom_filters_in_scan": 0,
    "num_bloom_filters_in_scan": 0,
    "num_bloom_filters_in_scan": 0,
    "num_bloom_filters_in_scan": 0,
    "num_bloom_filters_in_scan": 0,
    "result": "correct",
    "time": 0.159194,
  },
  {
    "name": "benchmark/imdb_parachute/11c.benchmark",
    "iteration": 4,
    "num_bloom_filters_in_scan": 0,
    "num_bloom_filters_in_scan": 0,
    "num_bloom_filters_in_scan": 0,
    "num_bloom_filters_in_scan": 0,
    "num_bloom_filters_in_scan": 0,
    "num_bloom_filters_in_scan": 0,
    "num_bloom_filters_in_scan": 0,
    "num_bloom_filters_in_scan": 0,
    "result": "correct",
    "time": 0.156301,
  },
  {
    "name": "benchmark/imdb_parachute/11c.benchmark",
    "iteration": 5,
    "num_bloom_filters_in_scan": 0,
    "num_bloom_filters_in_scan": 0,
    "num_bloom_filters_in_scan": 0,
    "num_bloom_filters_in_scan": 0,
    "num_bloom_filters_in_scan": 0,
    "num_bloom_filters_in_scan": 0,
    "num_bloom_filters_in_scan": 0,
    "num_bloom_filters_in_scan": 0,
    "result": "correct",
    "time": 0.15819,
  },
  {
    "name": "benchmark/imdb_parachute/11d.benchmark",
    "iteration": 0,
    "num_bloom_filters_in_scan": 0,
    "num_bloom_filters_in_scan": 0,
    "num_bloom_filters_in_scan": 0,
    "num_bloom_filters_in_scan": 0,
    "num_bloom_filters_in_scan": 0,
    "num_bloom_filters_in_scan": 0,
    "num_bloom_filters_in_scan": 0,
    "num_bloom_filters_in_scan": 0,
  },
  {
    "name": "benchmark/imdb_parachute/11d.benchmark",
    "iteration": 1,
    "num_bloom_filters_in_scan": 0,
    "num_bloom_filters_in_scan": 0,
    "num_bloom_filters_in_scan": 0,
    "num_bloom_filters_in_scan": 0,
    "num_bloom_filters_in_scan": 0,
    "num_bloom_filters_in_scan": 0,
    "num_bloom_filters_in_scan": 0,
    "num_bloom_filters_in_scan": 0,
    "result": "correct",
    "time": 0.598189,
  },
  {
    "name": "benchmark/imdb_parachute/11d.benchmark",
    "iteration": 2,
    "num_bloom_filters_in_scan": 0,
    "num_bloom_filters_in_scan": 0,
    "num_bloom_filters_in_scan": 0,
    "num_bloom_filters_in_scan": 0,
    "num_bloom_filters_in_scan": 0,
    "num_bloom_filters_in_scan": 0,
    "num_bloom_filters_in_scan": 0,
    "num_bloom_filters_in_scan": 0,
    "result": "correct",
    "time": 0.565526,
  },
  {
    "name": "benchmark/imdb_parachute/11d.benchmark",
    "iteration": 3,
    "num_bloom_filters_in_scan": 0,
    "num_bloom_filters_in_scan": 0,
    "num_bloom_filters_in_scan": 0,
    "num_bloom_filters_in_scan": 0,
    "num_bloom_filters_in_scan": 0,
    "num_bloom_filters_in_scan": 0,
    "num_bloom_filters_in_scan": 0,
    "num_bloom_filters_in_scan": 0,
    "result": "correct",
    "time": 0.555877,
  },
  {
    "name": "benchmark/imdb_parachute/11d.benchmark",
    "iteration": 4,
    "num_bloom_filters_in_scan": 0,
    "num_bloom_filters_in_scan": 0,
    "num_bloom_filters_in_scan": 0,
    "num_bloom_filters_in_scan": 0,
    "num_bloom_filters_in_scan": 0,
    "num_bloom_filters_in_scan": 0,
    "num_bloom_filters_in_scan": 0,
    "num_bloom_filters_in_scan": 0,
    "result": "correct",
    "time": 0.565949,
  },
  {
    "name": "benchmark/imdb_parachute/11d.benchmark",
    "iteration": 5,
    "num_bloom_filters_in_scan": 0,
    "num_bloom_filters_in_scan": 0,
    "num_bloom_filters_in_scan": 0,
    "num_bloom_filters_in_scan": 0,
    "num_bloom_filters_in_scan": 0,
    "num_bloom_filters_in_scan": 0,
    "num_bloom_filters_in_scan": 0,
    "num_bloom_filters_in_scan": 0,
    "result": "correct",
    "time": 0.528193,
  },
  {
    "name": "benchmark/imdb_parachute/12a.benchmark",
    "iteration": 0,
    "num_bloom_filters_in_scan": 0,
    "num_bloom_filters_in_scan": 0,
    "num_bloom_filters_in_scan": 0,
    "num_bloom_filters_in_scan": 0,
    "num_bloom_filters_in_scan": 0,
    "num_bloom_filters_in_scan": 0,
    "num_bloom_filters_in_scan": 0,
    "num_bloom_filters_in_scan": 0,
  },
  {
    "name": "benchmark/imdb_parachute/12a.benchmark",
    "iteration": 1,
    "num_bloom_filters_in_scan": 0,
    "num_bloom_filters_in_scan": 0,
    "num_bloom_filters_in_scan": 0,
    "num_bloom_filters_in_scan": 0,
    "num_bloom_filters_in_scan": 0,
    "num_bloom_filters_in_scan": 0,
    "num_bloom_filters_in_scan": 0,
    "num_bloom_filters_in_scan": 0,
    "result": "correct",
    "time": 0.169592,
  },
  {
    "name": "benchmark/imdb_parachute/12a.benchmark",
    "iteration": 2,
    "num_bloom_filters_in_scan": 0,
    "num_bloom_filters_in_scan": 0,
    "num_bloom_filters_in_scan": 0,
    "num_bloom_filters_in_scan": 0,
    "num_bloom_filters_in_scan": 0,
    "num_bloom_filters_in_scan": 0,
    "num_bloom_filters_in_scan": 0,
    "num_bloom_filters_in_scan": 0,
    "result": "correct",
    "time": 0.170984,
  },
  {
    "name": "benchmark/imdb_parachute/12a.benchmark",
    "iteration": 3,
    "num_bloom_filters_in_scan": 0,
    "num_bloom_filters_in_scan": 0,
    "num_bloom_filters_in_scan": 0,
    "num_bloom_filters_in_scan": 0,
    "num_bloom_filters_in_scan": 0,
    "num_bloom_filters_in_scan": 0,
    "num_bloom_filters_in_scan": 0,
    "num_bloom_filters_in_scan": 0,
    "result": "correct",
    "time": 0.170248,
  },
  {
    "name": "benchmark/imdb_parachute/12a.benchmark",
    "iteration": 4,
    "num_bloom_filters_in_scan": 0,
    "num_bloom_filters_in_scan": 0,
    "num_bloom_filters_in_scan": 0,
    "num_bloom_filters_in_scan": 0,
    "num_bloom_filters_in_scan": 0,
    "num_bloom_filters_in_scan": 0,
    "num_bloom_filters_in_scan": 0,
    "num_bloom_filters_in_scan": 0,
    "result": "correct",
    "time": 0.167208,
  },
  {
    "name": "benchmark/imdb_parachute/12a.benchmark",
    "iteration": 5,
    "num_bloom_filters_in_scan": 0,
    "num_bloom_filters_in_scan": 0,
    "num_bloom_filters_in_scan": 0,
    "num_bloom_filters_in_scan": 0,
    "num_bloom_filters_in_scan": 0,
    "num_bloom_filters_in_scan": 0,
    "num_bloom_filters_in_scan": 0,
    "num_bloom_filters_in_scan": 0,
    "result": "correct",
    "time": 0.172005,
  },
  {
    "name": "benchmark/imdb_parachute/12b.benchmark",
    "iteration": 0,
    "num_bloom_filters_in_scan": 0,
    "num_bloom_filters_in_scan": 0,
    "num_bloom_filters_in_scan": 0,
    "num_bloom_filters_in_scan": 0,
    "num_bloom_filters_in_scan": 0,
    "num_bloom_filters_in_scan": 0,
    "num_bloom_filters_in_scan": 0,
    "num_bloom_filters_in_scan": 0,
  },
  {
    "name": "benchmark/imdb_parachute/12b.benchmark",
    "iteration": 1,
    "num_bloom_filters_in_scan": 0,
    "num_bloom_filters_in_scan": 0,
    "num_bloom_filters_in_scan": 0,
    "num_bloom_filters_in_scan": 0,
    "num_bloom_filters_in_scan": 0,
    "num_bloom_filters_in_scan": 0,
    "num_bloom_filters_in_scan": 0,
    "num_bloom_filters_in_scan": 0,
    "result": "correct",
    "time": 0.165161,
  },
  {
    "name": "benchmark/imdb_parachute/12b.benchmark",
    "iteration": 2,
    "num_bloom_filters_in_scan": 0,
    "num_bloom_filters_in_scan": 0,
    "num_bloom_filters_in_scan": 0,
    "num_bloom_filters_in_scan": 0,
    "num_bloom_filters_in_scan": 0,
    "num_bloom_filters_in_scan": 0,
    "num_bloom_filters_in_scan": 0,
    "num_bloom_filters_in_scan": 0,
    "result": "correct",
    "time": 0.164382,
  },
  {
    "name": "benchmark/imdb_parachute/12b.benchmark",
    "iteration": 3,
    "num_bloom_filters_in_scan": 0,
    "num_bloom_filters_in_scan": 0,
    "num_bloom_filters_in_scan": 0,
    "num_bloom_filters_in_scan": 0,
    "num_bloom_filters_in_scan": 0,
    "num_bloom_filters_in_scan": 0,
    "num_bloom_filters_in_scan": 0,
    "num_bloom_filters_in_scan": 0,
    "result": "correct",
    "time": 0.168403,
  },
  {
    "name": "benchmark/imdb_parachute/12b.benchmark",
    "iteration": 4,
    "num_bloom_filters_in_scan": 0,
    "num_bloom_filters_in_scan": 0,
    "num_bloom_filters_in_scan": 0,
    "num_bloom_filters_in_scan": 0,
    "num_bloom_filters_in_scan": 0,
    "num_bloom_filters_in_scan": 0,
    "num_bloom_filters_in_scan": 0,
    "num_bloom_filters_in_scan": 0,
    "result": "correct",
    "time": 0.165486,
  },
  {
    "name": "benchmark/imdb_parachute/12b.benchmark",
    "iteration": 5,
    "num_bloom_filters_in_scan": 0,
    "num_bloom_filters_in_scan": 0,
    "num_bloom_filters_in_scan": 0,
    "num_bloom_filters_in_scan": 0,
    "num_bloom_filters_in_scan": 0,
    "num_bloom_filters_in_scan": 0,
    "num_bloom_filters_in_scan": 0,
    "num_bloom_filters_in_scan": 0,
    "result": "correct",
    "time": 0.161782,
  },
  {
    "name": "benchmark/imdb_parachute/12c.benchmark",
    "iteration": 0,
    "num_bloom_filters_in_scan": 0,
    "num_bloom_filters_in_scan": 0,
    "num_bloom_filters_in_scan": 0,
    "num_bloom_filters_in_scan": 0,
    "num_bloom_filters_in_scan": 0,
    "num_bloom_filters_in_scan": 0,
    "num_bloom_filters_in_scan": 0,
    "num_bloom_filters_in_scan": 0,
  },
  {
    "name": "benchmark/imdb_parachute/12c.benchmark",
    "iteration": 1,
    "num_bloom_filters_in_scan": 0,
    "num_bloom_filters_in_scan": 0,
    "num_bloom_filters_in_scan": 0,
    "num_bloom_filters_in_scan": 0,
    "num_bloom_filters_in_scan": 0,
    "num_bloom_filters_in_scan": 0,
    "num_bloom_filters_in_scan": 0,
    "num_bloom_filters_in_scan": 0,
    "result": "correct",
    "time": 0.245369,
  },
  {
    "name": "benchmark/imdb_parachute/12c.benchmark",
    "iteration": 2,
    "num_bloom_filters_in_scan": 0,
    "num_bloom_filters_in_scan": 0,
    "num_bloom_filters_in_scan": 0,
    "num_bloom_filters_in_scan": 0,
    "num_bloom_filters_in_scan": 0,
    "num_bloom_filters_in_scan": 0,
    "num_bloom_filters_in_scan": 0,
    "num_bloom_filters_in_scan": 0,
    "result": "correct",
    "time": 0.241113,
  },
  {
    "name": "benchmark/imdb_parachute/12c.benchmark",
    "iteration": 3,
    "num_bloom_filters_in_scan": 0,
    "num_bloom_filters_in_scan": 0,
    "num_bloom_filters_in_scan": 0,
    "num_bloom_filters_in_scan": 0,
    "num_bloom_filters_in_scan": 0,
    "num_bloom_filters_in_scan": 0,
    "num_bloom_filters_in_scan": 0,
    "num_bloom_filters_in_scan": 0,
    "result": "correct",
    "time": 0.239474,
  },
  {
    "name": "benchmark/imdb_parachute/12c.benchmark",
    "iteration": 4,
    "num_bloom_filters_in_scan": 0,
    "num_bloom_filters_in_scan": 0,
    "num_bloom_filters_in_scan": 0,
    "num_bloom_filters_in_scan": 0,
    "num_bloom_filters_in_scan": 0,
    "num_bloom_filters_in_scan": 0,
    "num_bloom_filters_in_scan": 0,
    "num_bloom_filters_in_scan": 0,
    "result": "correct",
    "time": 0.240106,
  },
  {
    "name": "benchmark/imdb_parachute/12c.benchmark",
    "iteration": 5,
    "num_bloom_filters_in_scan": 0,
    "num_bloom_filters_in_scan": 0,
    "num_bloom_filters_in_scan": 0,
    "num_bloom_filters_in_scan": 0,
    "num_bloom_filters_in_scan": 0,
    "num_bloom_filters_in_scan": 0,
    "num_bloom_filters_in_scan": 0,
    "num_bloom_filters_in_scan": 0,
    "result": "correct",
    "time": 0.239538,
  },
  {
    "name": "benchmark/imdb_parachute/13a.benchmark",
    "iteration": 0,
    "num_bloom_filters_in_scan": 0,
    "num_bloom_filters_in_scan": 0,
    "num_bloom_filters_in_scan": 0,
    "num_bloom_filters_in_scan": 0,
    "num_bloom_filters_in_scan": 0,
    "num_bloom_filters_in_scan": 0,
    "num_bloom_filters_in_scan": 0,
    "num_bloom_filters_in_scan": 0,
    "num_bloom_filters_in_scan": 0,
  },
  {
    "name": "benchmark/imdb_parachute/13a.benchmark",
    "iteration": 1,
    "num_bloom_filters_in_scan": 0,
    "num_bloom_filters_in_scan": 0,
    "num_bloom_filters_in_scan": 0,
    "num_bloom_filters_in_scan": 0,
    "num_bloom_filters_in_scan": 0,
    "num_bloom_filters_in_scan": 0,
    "num_bloom_filters_in_scan": 0,
    "num_bloom_filters_in_scan": 0,
    "num_bloom_filters_in_scan": 0,
    "result": "correct",
    "time": 0.166085,
  },
  {
    "name": "benchmark/imdb_parachute/13a.benchmark",
    "iteration": 2,
    "num_bloom_filters_in_scan": 0,
    "num_bloom_filters_in_scan": 0,
    "num_bloom_filters_in_scan": 0,
    "num_bloom_filters_in_scan": 0,
    "num_bloom_filters_in_scan": 0,
    "num_bloom_filters_in_scan": 0,
    "num_bloom_filters_in_scan": 0,
    "num_bloom_filters_in_scan": 0,
    "num_bloom_filters_in_scan": 0,
    "result": "correct",
    "time": 0.164394,
  },
  {
    "name": "benchmark/imdb_parachute/13a.benchmark",
    "iteration": 3,
    "num_bloom_filters_in_scan": 0,
    "num_bloom_filters_in_scan": 0,
    "num_bloom_filters_in_scan": 0,
    "num_bloom_filters_in_scan": 0,
    "num_bloom_filters_in_scan": 0,
    "num_bloom_filters_in_scan": 0,
    "num_bloom_filters_in_scan": 0,
    "num_bloom_filters_in_scan": 0,
    "num_bloom_filters_in_scan": 0,
    "result": "correct",
    "time": 0.166195,
  },
  {
    "name": "benchmark/imdb_parachute/13a.benchmark",
    "iteration": 4,
    "num_bloom_filters_in_scan": 0,
    "num_bloom_filters_in_scan": 0,
    "num_bloom_filters_in_scan": 0,
    "num_bloom_filters_in_scan": 0,
    "num_bloom_filters_in_scan": 0,
    "num_bloom_filters_in_scan": 0,
    "num_bloom_filters_in_scan": 0,
    "num_bloom_filters_in_scan": 0,
    "num_bloom_filters_in_scan": 0,
    "result": "correct",
    "time": 0.160969,
  },
  {
    "name": "benchmark/imdb_parachute/13a.benchmark",
    "iteration": 5,
    "num_bloom_filters_in_scan": 0,
    "num_bloom_filters_in_scan": 0,
    "num_bloom_filters_in_scan": 0,
    "num_bloom_filters_in_scan": 0,
    "num_bloom_filters_in_scan": 0,
    "num_bloom_filters_in_scan": 0,
    "num_bloom_filters_in_scan": 0,
    "num_bloom_filters_in_scan": 0,
    "num_bloom_filters_in_scan": 0,
    "result": "correct",
    "time": 0.164856,
  },
  {
    "name": "benchmark/imdb_parachute/13b.benchmark",
    "iteration": 0,
    "num_bloom_filters_in_scan": 0,
    "num_bloom_filters_in_scan": 0,
    "num_bloom_filters_in_scan": 0,
    "num_bloom_filters_in_scan": 0,
    "num_bloom_filters_in_scan": 0,
    "num_bloom_filters_in_scan": 0,
    "num_bloom_filters_in_scan": 0,
    "num_bloom_filters_in_scan": 0,
    "num_bloom_filters_in_scan": 0,
  },
  {
    "name": "benchmark/imdb_parachute/13b.benchmark",
    "iteration": 1,
    "num_bloom_filters_in_scan": 0,
    "num_bloom_filters_in_scan": 0,
    "num_bloom_filters_in_scan": 0,
    "num_bloom_filters_in_scan": 0,
    "num_bloom_filters_in_scan": 0,
    "num_bloom_filters_in_scan": 0,
    "num_bloom_filters_in_scan": 0,
    "num_bloom_filters_in_scan": 0,
    "num_bloom_filters_in_scan": 0,
    "result": "correct",
    "time": 0.260103,
  },
  {
    "name": "benchmark/imdb_parachute/13b.benchmark",
    "iteration": 2,
    "num_bloom_filters_in_scan": 0,
    "num_bloom_filters_in_scan": 0,
    "num_bloom_filters_in_scan": 0,
    "num_bloom_filters_in_scan": 0,
    "num_bloom_filters_in_scan": 0,
    "num_bloom_filters_in_scan": 0,
    "num_bloom_filters_in_scan": 0,
    "num_bloom_filters_in_scan": 0,
    "num_bloom_filters_in_scan": 0,
    "result": "correct",
    "time": 0.261247,
  },
  {
    "name": "benchmark/imdb_parachute/13b.benchmark",
    "iteration": 3,
    "num_bloom_filters_in_scan": 0,
    "num_bloom_filters_in_scan": 0,
    "num_bloom_filters_in_scan": 0,
    "num_bloom_filters_in_scan": 0,
    "num_bloom_filters_in_scan": 0,
    "num_bloom_filters_in_scan": 0,
    "num_bloom_filters_in_scan": 0,
    "num_bloom_filters_in_scan": 0,
    "num_bloom_filters_in_scan": 0,
    "result": "correct",
    "time": 0.263381,
  },
  {
    "name": "benchmark/imdb_parachute/13b.benchmark",
    "iteration": 4,
    "num_bloom_filters_in_scan": 0,
    "num_bloom_filters_in_scan": 0,
    "num_bloom_filters_in_scan": 0,
    "num_bloom_filters_in_scan": 0,
    "num_bloom_filters_in_scan": 0,
    "num_bloom_filters_in_scan": 0,
    "num_bloom_filters_in_scan": 0,
    "num_bloom_filters_in_scan": 0,
    "num_bloom_filters_in_scan": 0,
    "result": "correct",
    "time": 0.261972,
  },
  {
    "name": "benchmark/imdb_parachute/13b.benchmark",
    "iteration": 5,
    "num_bloom_filters_in_scan": 0,
    "num_bloom_filters_in_scan": 0,
    "num_bloom_filters_in_scan": 0,
    "num_bloom_filters_in_scan": 0,
    "num_bloom_filters_in_scan": 0,
    "num_bloom_filters_in_scan": 0,
    "num_bloom_filters_in_scan": 0,
    "num_bloom_filters_in_scan": 0,
    "num_bloom_filters_in_scan": 0,
    "result": "correct",
    "time": 0.260624,
  },
  {
    "name": "benchmark/imdb_parachute/13c.benchmark",
    "iteration": 0,
    "num_bloom_filters_in_scan": 0,
    "num_bloom_filters_in_scan": 0,
    "num_bloom_filters_in_scan": 0,
    "num_bloom_filters_in_scan": 0,
    "num_bloom_filters_in_scan": 0,
    "num_bloom_filters_in_scan": 0,
    "num_bloom_filters_in_scan": 0,
    "num_bloom_filters_in_scan": 0,
    "num_bloom_filters_in_scan": 0,
  },
  {
    "name": "benchmark/imdb_parachute/13c.benchmark",
    "iteration": 1,
    "num_bloom_filters_in_scan": 0,
    "num_bloom_filters_in_scan": 0,
    "num_bloom_filters_in_scan": 0,
    "num_bloom_filters_in_scan": 0,
    "num_bloom_filters_in_scan": 0,
    "num_bloom_filters_in_scan": 0,
    "num_bloom_filters_in_scan": 0,
    "num_bloom_filters_in_scan": 0,
    "num_bloom_filters_in_scan": 0,
    "result": "correct",
    "time": 0.183159,
  },
  {
    "name": "benchmark/imdb_parachute/13c.benchmark",
    "iteration": 2,
    "num_bloom_filters_in_scan": 0,
    "num_bloom_filters_in_scan": 0,
    "num_bloom_filters_in_scan": 0,
    "num_bloom_filters_in_scan": 0,
    "num_bloom_filters_in_scan": 0,
    "num_bloom_filters_in_scan": 0,
    "num_bloom_filters_in_scan": 0,
    "num_bloom_filters_in_scan": 0,
    "num_bloom_filters_in_scan": 0,
    "result": "correct",
    "time": 0.184771,
  },
  {
    "name": "benchmark/imdb_parachute/13c.benchmark",
    "iteration": 3,
    "num_bloom_filters_in_scan": 0,
    "num_bloom_filters_in_scan": 0,
    "num_bloom_filters_in_scan": 0,
    "num_bloom_filters_in_scan": 0,
    "num_bloom_filters_in_scan": 0,
    "num_bloom_filters_in_scan": 0,
    "num_bloom_filters_in_scan": 0,
    "num_bloom_filters_in_scan": 0,
    "num_bloom_filters_in_scan": 0,
    "result": "correct",
    "time": 0.18384,
  },
  {
    "name": "benchmark/imdb_parachute/13c.benchmark",
    "iteration": 4,
    "num_bloom_filters_in_scan": 0,
    "num_bloom_filters_in_scan": 0,
    "num_bloom_filters_in_scan": 0,
    "num_bloom_filters_in_scan": 0,
    "num_bloom_filters_in_scan": 0,
    "num_bloom_filters_in_scan": 0,
    "num_bloom_filters_in_scan": 0,
    "num_bloom_filters_in_scan": 0,
    "num_bloom_filters_in_scan": 0,
    "result": "correct",
    "time": 0.18311,
  },
  {
    "name": "benchmark/imdb_parachute/13c.benchmark",
    "iteration": 5,
    "num_bloom_filters_in_scan": 0,
    "num_bloom_filters_in_scan": 0,
    "num_bloom_filters_in_scan": 0,
    "num_bloom_filters_in_scan": 0,
    "num_bloom_filters_in_scan": 0,
    "num_bloom_filters_in_scan": 0,
    "num_bloom_filters_in_scan": 0,
    "num_bloom_filters_in_scan": 0,
    "num_bloom_filters_in_scan": 0,
    "result": "correct",
    "time": 0.186253,
  },
  {
    "name": "benchmark/imdb_parachute/13d.benchmark",
    "iteration": 0,
    "num_bloom_filters_in_scan": 0,
    "num_bloom_filters_in_scan": 0,
    "num_bloom_filters_in_scan": 0,
    "num_bloom_filters_in_scan": 0,
    "num_bloom_filters_in_scan": 0,
    "num_bloom_filters_in_scan": 0,
    "num_bloom_filters_in_scan": 0,
    "num_bloom_filters_in_scan": 0,
    "num_bloom_filters_in_scan": 0,
  },
  {
    "name": "benchmark/imdb_parachute/13d.benchmark",
    "iteration": 1,
    "num_bloom_filters_in_scan": 0,
    "num_bloom_filters_in_scan": 0,
    "num_bloom_filters_in_scan": 0,
    "num_bloom_filters_in_scan": 0,
    "num_bloom_filters_in_scan": 0,
    "num_bloom_filters_in_scan": 0,
    "num_bloom_filters_in_scan": 0,
    "num_bloom_filters_in_scan": 0,
    "num_bloom_filters_in_scan": 0,
    "result": "correct",
    "time": 0.246709,
  },
  {
    "name": "benchmark/imdb_parachute/13d.benchmark",
    "iteration": 2,
    "num_bloom_filters_in_scan": 0,
    "num_bloom_filters_in_scan": 0,
    "num_bloom_filters_in_scan": 0,
    "num_bloom_filters_in_scan": 0,
    "num_bloom_filters_in_scan": 0,
    "num_bloom_filters_in_scan": 0,
    "num_bloom_filters_in_scan": 0,
    "num_bloom_filters_in_scan": 0,
    "num_bloom_filters_in_scan": 0,
    "result": "correct",
    "time": 0.244906,
  },
  {
    "name": "benchmark/imdb_parachute/13d.benchmark",
    "iteration": 3,
    "num_bloom_filters_in_scan": 0,
    "num_bloom_filters_in_scan": 0,
    "num_bloom_filters_in_scan": 0,
    "num_bloom_filters_in_scan": 0,
    "num_bloom_filters_in_scan": 0,
    "num_bloom_filters_in_scan": 0,
    "num_bloom_filters_in_scan": 0,
    "num_bloom_filters_in_scan": 0,
    "num_bloom_filters_in_scan": 0,
    "result": "correct",
    "time": 0.250464,
  },
  {
    "name": "benchmark/imdb_parachute/13d.benchmark",
    "iteration": 4,
    "num_bloom_filters_in_scan": 0,
    "num_bloom_filters_in_scan": 0,
    "num_bloom_filters_in_scan": 0,
    "num_bloom_filters_in_scan": 0,
    "num_bloom_filters_in_scan": 0,
    "num_bloom_filters_in_scan": 0,
    "num_bloom_filters_in_scan": 0,
    "num_bloom_filters_in_scan": 0,
    "num_bloom_filters_in_scan": 0,
    "result": "correct",
    "time": 0.24139,
  },
  {
    "name": "benchmark/imdb_parachute/13d.benchmark",
    "iteration": 5,
    "num_bloom_filters_in_scan": 0,
    "num_bloom_filters_in_scan": 0,
    "num_bloom_filters_in_scan": 0,
    "num_bloom_filters_in_scan": 0,
    "num_bloom_filters_in_scan": 0,
    "num_bloom_filters_in_scan": 0,
    "num_bloom_filters_in_scan": 0,
    "num_bloom_filters_in_scan": 0,
    "num_bloom_filters_in_scan": 0,
    "result": "correct",
    "time": 0.239585,
  },
  {
    "name": "benchmark/imdb_parachute/14a.benchmark",
    "iteration": 0,
    "num_bloom_filters_in_scan": 0,
    "num_bloom_filters_in_scan": 0,
    "num_bloom_filters_in_scan": 0,
    "num_bloom_filters_in_scan": 0,
    "num_bloom_filters_in_scan": 0,
    "num_bloom_filters_in_scan": 0,
    "num_bloom_filters_in_scan": 0,
    "num_bloom_filters_in_scan": 0,
  },
  {
    "name": "benchmark/imdb_parachute/14a.benchmark",
    "iteration": 1,
    "num_bloom_filters_in_scan": 0,
    "num_bloom_filters_in_scan": 0,
    "num_bloom_filters_in_scan": 0,
    "num_bloom_filters_in_scan": 0,
    "num_bloom_filters_in_scan": 0,
    "num_bloom_filters_in_scan": 0,
    "num_bloom_filters_in_scan": 0,
    "num_bloom_filters_in_scan": 0,
    "result": "correct",
    "time": 0.117217,
  },
  {
    "name": "benchmark/imdb_parachute/14a.benchmark",
    "iteration": 2,
    "num_bloom_filters_in_scan": 0,
    "num_bloom_filters_in_scan": 0,
    "num_bloom_filters_in_scan": 0,
    "num_bloom_filters_in_scan": 0,
    "num_bloom_filters_in_scan": 0,
    "num_bloom_filters_in_scan": 0,
    "num_bloom_filters_in_scan": 0,
    "num_bloom_filters_in_scan": 0,
    "result": "correct",
    "time": 0.115446,
  },
  {
    "name": "benchmark/imdb_parachute/14a.benchmark",
    "iteration": 3,
    "num_bloom_filters_in_scan": 0,
    "num_bloom_filters_in_scan": 0,
    "num_bloom_filters_in_scan": 0,
    "num_bloom_filters_in_scan": 0,
    "num_bloom_filters_in_scan": 0,
    "num_bloom_filters_in_scan": 0,
    "num_bloom_filters_in_scan": 0,
    "num_bloom_filters_in_scan": 0,
    "result": "correct",
    "time": 0.11568,
  },
  {
    "name": "benchmark/imdb_parachute/14a.benchmark",
    "iteration": 4,
    "num_bloom_filters_in_scan": 0,
    "num_bloom_filters_in_scan": 0,
    "num_bloom_filters_in_scan": 0,
    "num_bloom_filters_in_scan": 0,
    "num_bloom_filters_in_scan": 0,
    "num_bloom_filters_in_scan": 0,
    "num_bloom_filters_in_scan": 0,
    "num_bloom_filters_in_scan": 0,
    "result": "correct",
    "time": 0.114599,
  },
  {
    "name": "benchmark/imdb_parachute/14a.benchmark",
    "iteration": 5,
    "num_bloom_filters_in_scan": 0,
    "num_bloom_filters_in_scan": 0,
    "num_bloom_filters_in_scan": 0,
    "num_bloom_filters_in_scan": 0,
    "num_bloom_filters_in_scan": 0,
    "num_bloom_filters_in_scan": 0,
    "num_bloom_filters_in_scan": 0,
    "num_bloom_filters_in_scan": 0,
    "result": "correct",
    "time": 0.116012,
  },
  {
    "name": "benchmark/imdb_parachute/14b.benchmark",
    "iteration": 0,
    "num_bloom_filters_in_scan": 0,
    "num_bloom_filters_in_scan": 0,
    "num_bloom_filters_in_scan": 0,
    "num_bloom_filters_in_scan": 0,
    "num_bloom_filters_in_scan": 0,
    "num_bloom_filters_in_scan": 0,
    "num_bloom_filters_in_scan": 0,
    "num_bloom_filters_in_scan": 0,
  },
  {
    "name": "benchmark/imdb_parachute/14b.benchmark",
    "iteration": 1,
    "num_bloom_filters_in_scan": 0,
    "num_bloom_filters_in_scan": 0,
    "num_bloom_filters_in_scan": 0,
    "num_bloom_filters_in_scan": 0,
    "num_bloom_filters_in_scan": 0,
    "num_bloom_filters_in_scan": 0,
    "num_bloom_filters_in_scan": 0,
    "num_bloom_filters_in_scan": 0,
    "result": "correct",
    "time": 0.0707363,
  },
  {
    "name": "benchmark/imdb_parachute/14b.benchmark",
    "iteration": 2,
    "num_bloom_filters_in_scan": 0,
    "num_bloom_filters_in_scan": 0,
    "num_bloom_filters_in_scan": 0,
    "num_bloom_filters_in_scan": 0,
    "num_bloom_filters_in_scan": 0,
    "num_bloom_filters_in_scan": 0,
    "num_bloom_filters_in_scan": 0,
    "num_bloom_filters_in_scan": 0,
    "result": "correct",
    "time": 0.0697228,
  },
  {
    "name": "benchmark/imdb_parachute/14b.benchmark",
    "iteration": 3,
    "num_bloom_filters_in_scan": 0,
    "num_bloom_filters_in_scan": 0,
    "num_bloom_filters_in_scan": 0,
    "num_bloom_filters_in_scan": 0,
    "num_bloom_filters_in_scan": 0,
    "num_bloom_filters_in_scan": 0,
    "num_bloom_filters_in_scan": 0,
    "num_bloom_filters_in_scan": 0,
    "result": "correct",
    "time": 0.0695351,
  },
  {
    "name": "benchmark/imdb_parachute/14b.benchmark",
    "iteration": 4,
    "num_bloom_filters_in_scan": 0,
    "num_bloom_filters_in_scan": 0,
    "num_bloom_filters_in_scan": 0,
    "num_bloom_filters_in_scan": 0,
    "num_bloom_filters_in_scan": 0,
    "num_bloom_filters_in_scan": 0,
    "num_bloom_filters_in_scan": 0,
    "num_bloom_filters_in_scan": 0,
    "result": "correct",
    "time": 0.0698965,
  },
  {
    "name": "benchmark/imdb_parachute/14b.benchmark",
    "iteration": 5,
    "num_bloom_filters_in_scan": 0,
    "num_bloom_filters_in_scan": 0,
    "num_bloom_filters_in_scan": 0,
    "num_bloom_filters_in_scan": 0,
    "num_bloom_filters_in_scan": 0,
    "num_bloom_filters_in_scan": 0,
    "num_bloom_filters_in_scan": 0,
    "num_bloom_filters_in_scan": 0,
    "result": "correct",
    "time": 0.0697234,
  },
  {
    "name": "benchmark/imdb_parachute/14c.benchmark",
    "iteration": 0,
    "num_bloom_filters_in_scan": 0,
    "num_bloom_filters_in_scan": 0,
    "num_bloom_filters_in_scan": 0,
    "num_bloom_filters_in_scan": 0,
    "num_bloom_filters_in_scan": 0,
    "num_bloom_filters_in_scan": 0,
    "num_bloom_filters_in_scan": 0,
    "num_bloom_filters_in_scan": 0,
  },
  {
    "name": "benchmark/imdb_parachute/14c.benchmark",
    "iteration": 1,
    "num_bloom_filters_in_scan": 0,
    "num_bloom_filters_in_scan": 0,
    "num_bloom_filters_in_scan": 0,
    "num_bloom_filters_in_scan": 0,
    "num_bloom_filters_in_scan": 0,
    "num_bloom_filters_in_scan": 0,
    "num_bloom_filters_in_scan": 0,
    "num_bloom_filters_in_scan": 0,
    "result": "correct",
    "time": 0.304091,
  },
  {
    "name": "benchmark/imdb_parachute/14c.benchmark",
    "iteration": 2,
    "num_bloom_filters_in_scan": 0,
    "num_bloom_filters_in_scan": 0,
    "num_bloom_filters_in_scan": 0,
    "num_bloom_filters_in_scan": 0,
    "num_bloom_filters_in_scan": 0,
    "num_bloom_filters_in_scan": 0,
    "num_bloom_filters_in_scan": 0,
    "num_bloom_filters_in_scan": 0,
    "result": "correct",
    "time": 0.298173,
  },
  {
    "name": "benchmark/imdb_parachute/14c.benchmark",
    "iteration": 3,
    "num_bloom_filters_in_scan": 0,
    "num_bloom_filters_in_scan": 0,
    "num_bloom_filters_in_scan": 0,
    "num_bloom_filters_in_scan": 0,
    "num_bloom_filters_in_scan": 0,
    "num_bloom_filters_in_scan": 0,
    "num_bloom_filters_in_scan": 0,
    "num_bloom_filters_in_scan": 0,
    "result": "correct",
    "time": 0.302398,
  },
  {
    "name": "benchmark/imdb_parachute/14c.benchmark",
    "iteration": 4,
    "num_bloom_filters_in_scan": 0,
    "num_bloom_filters_in_scan": 0,
    "num_bloom_filters_in_scan": 0,
    "num_bloom_filters_in_scan": 0,
    "num_bloom_filters_in_scan": 0,
    "num_bloom_filters_in_scan": 0,
    "num_bloom_filters_in_scan": 0,
    "num_bloom_filters_in_scan": 0,
    "result": "correct",
    "time": 0.300895,
  },
  {
    "name": "benchmark/imdb_parachute/14c.benchmark",
    "iteration": 5,
    "num_bloom_filters_in_scan": 0,
    "num_bloom_filters_in_scan": 0,
    "num_bloom_filters_in_scan": 0,
    "num_bloom_filters_in_scan": 0,
    "num_bloom_filters_in_scan": 0,
    "num_bloom_filters_in_scan": 0,
    "num_bloom_filters_in_scan": 0,
    "num_bloom_filters_in_scan": 0,
    "result": "correct",
    "time": 0.302143,
  },
  {
    "name": "benchmark/imdb_parachute/15a.benchmark",
    "iteration": 0,
    "num_bloom_filters_in_scan": 0,
    "num_bloom_filters_in_scan": 0,
    "num_bloom_filters_in_scan": 0,
    "num_bloom_filters_in_scan": 0,
    "num_bloom_filters_in_scan": 0,
    "num_bloom_filters_in_scan": 0,
    "num_bloom_filters_in_scan": 0,
    "num_bloom_filters_in_scan": 0,
    "num_bloom_filters_in_scan": 0,
  },
  {
    "name": "benchmark/imdb_parachute/15a.benchmark",
    "iteration": 1,
    "num_bloom_filters_in_scan": 0,
    "num_bloom_filters_in_scan": 0,
    "num_bloom_filters_in_scan": 0,
    "num_bloom_filters_in_scan": 0,
    "num_bloom_filters_in_scan": 0,
    "num_bloom_filters_in_scan": 0,
    "num_bloom_filters_in_scan": 0,
    "num_bloom_filters_in_scan": 0,
    "num_bloom_filters_in_scan": 0,
    "result": "correct",
    "time": 0.298368,
  },
  {
    "name": "benchmark/imdb_parachute/15a.benchmark",
    "iteration": 2,
    "num_bloom_filters_in_scan": 0,
    "num_bloom_filters_in_scan": 0,
    "num_bloom_filters_in_scan": 0,
    "num_bloom_filters_in_scan": 0,
    "num_bloom_filters_in_scan": 0,
    "num_bloom_filters_in_scan": 0,
    "num_bloom_filters_in_scan": 0,
    "num_bloom_filters_in_scan": 0,
    "num_bloom_filters_in_scan": 0,
    "result": "correct",
    "time": 0.294765,
  },
  {
    "name": "benchmark/imdb_parachute/15a.benchmark",
    "iteration": 3,
    "num_bloom_filters_in_scan": 0,
    "num_bloom_filters_in_scan": 0,
    "num_bloom_filters_in_scan": 0,
    "num_bloom_filters_in_scan": 0,
    "num_bloom_filters_in_scan": 0,
    "num_bloom_filters_in_scan": 0,
    "num_bloom_filters_in_scan": 0,
    "num_bloom_filters_in_scan": 0,
    "num_bloom_filters_in_scan": 0,
    "result": "correct",
    "time": 0.296732,
  },
  {
    "name": "benchmark/imdb_parachute/15a.benchmark",
    "iteration": 4,
    "num_bloom_filters_in_scan": 0,
    "num_bloom_filters_in_scan": 0,
    "num_bloom_filters_in_scan": 0,
    "num_bloom_filters_in_scan": 0,
    "num_bloom_filters_in_scan": 0,
    "num_bloom_filters_in_scan": 0,
    "num_bloom_filters_in_scan": 0,
    "num_bloom_filters_in_scan": 0,
    "num_bloom_filters_in_scan": 0,
    "result": "correct",
    "time": 0.29967,
  },
  {
    "name": "benchmark/imdb_parachute/15a.benchmark",
    "iteration": 5,
    "num_bloom_filters_in_scan": 0,
    "num_bloom_filters_in_scan": 0,
    "num_bloom_filters_in_scan": 0,
    "num_bloom_filters_in_scan": 0,
    "num_bloom_filters_in_scan": 0,
    "num_bloom_filters_in_scan": 0,
    "num_bloom_filters_in_scan": 0,
    "num_bloom_filters_in_scan": 0,
    "num_bloom_filters_in_scan": 0,
    "result": "correct",
    "time": 0.29819,
  },
  {
    "name": "benchmark/imdb_parachute/15b.benchmark",
    "iteration": 0,
    "num_bloom_filters_in_scan": 0,
    "num_bloom_filters_in_scan": 0,
    "num_bloom_filters_in_scan": 0,
    "num_bloom_filters_in_scan": 0,
    "num_bloom_filters_in_scan": 0,
    "num_bloom_filters_in_scan": 0,
    "num_bloom_filters_in_scan": 0,
    "num_bloom_filters_in_scan": 0,
    "num_bloom_filters_in_scan": 0,
  },
  {
    "name": "benchmark/imdb_parachute/15b.benchmark",
    "iteration": 1,
    "num_bloom_filters_in_scan": 0,
    "num_bloom_filters_in_scan": 0,
    "num_bloom_filters_in_scan": 0,
    "num_bloom_filters_in_scan": 0,
    "num_bloom_filters_in_scan": 0,
    "num_bloom_filters_in_scan": 0,
    "num_bloom_filters_in_scan": 0,
    "num_bloom_filters_in_scan": 0,
    "num_bloom_filters_in_scan": 0,
    "result": "correct",
    "time": 0.439883,
  },
  {
    "name": "benchmark/imdb_parachute/15b.benchmark",
    "iteration": 2,
    "num_bloom_filters_in_scan": 0,
    "num_bloom_filters_in_scan": 0,
    "num_bloom_filters_in_scan": 0,
    "num_bloom_filters_in_scan": 0,
    "num_bloom_filters_in_scan": 0,
    "num_bloom_filters_in_scan": 0,
    "num_bloom_filters_in_scan": 0,
    "num_bloom_filters_in_scan": 0,
    "num_bloom_filters_in_scan": 0,
    "result": "correct",
    "time": 0.442806,
  },
  {
    "name": "benchmark/imdb_parachute/15b.benchmark",
    "iteration": 3,
    "num_bloom_filters_in_scan": 0,
    "num_bloom_filters_in_scan": 0,
    "num_bloom_filters_in_scan": 0,
    "num_bloom_filters_in_scan": 0,
    "num_bloom_filters_in_scan": 0,
    "num_bloom_filters_in_scan": 0,
    "num_bloom_filters_in_scan": 0,
    "num_bloom_filters_in_scan": 0,
    "num_bloom_filters_in_scan": 0,
    "result": "correct",
    "time": 0.44227,
  },
  {
    "name": "benchmark/imdb_parachute/15b.benchmark",
    "iteration": 4,
    "num_bloom_filters_in_scan": 0,
    "num_bloom_filters_in_scan": 0,
    "num_bloom_filters_in_scan": 0,
    "num_bloom_filters_in_scan": 0,
    "num_bloom_filters_in_scan": 0,
    "num_bloom_filters_in_scan": 0,
    "num_bloom_filters_in_scan": 0,
    "num_bloom_filters_in_scan": 0,
    "num_bloom_filters_in_scan": 0,
    "result": "correct",
    "time": 0.440461,
  },
  {
    "name": "benchmark/imdb_parachute/15b.benchmark",
    "iteration": 5,
    "num_bloom_filters_in_scan": 0,
    "num_bloom_filters_in_scan": 0,
    "num_bloom_filters_in_scan": 0,
    "num_bloom_filters_in_scan": 0,
    "num_bloom_filters_in_scan": 0,
    "num_bloom_filters_in_scan": 0,
    "num_bloom_filters_in_scan": 0,
    "num_bloom_filters_in_scan": 0,
    "num_bloom_filters_in_scan": 0,
    "result": "correct",
    "time": 0.439837,
  },
  {
    "name": "benchmark/imdb_parachute/15c.benchmark",
    "iteration": 0,
    "num_bloom_filters_in_scan": 0,
    "num_bloom_filters_in_scan": 0,
    "num_bloom_filters_in_scan": 0,
    "num_bloom_filters_in_scan": 0,
    "num_bloom_filters_in_scan": 0,
    "num_bloom_filters_in_scan": 0,
    "num_bloom_filters_in_scan": 0,
    "num_bloom_filters_in_scan": 0,
    "num_bloom_filters_in_scan": 0,
  },
  {
    "name": "benchmark/imdb_parachute/15c.benchmark",
    "iteration": 1,
    "num_bloom_filters_in_scan": 0,
    "num_bloom_filters_in_scan": 0,
    "num_bloom_filters_in_scan": 0,
    "num_bloom_filters_in_scan": 0,
    "num_bloom_filters_in_scan": 0,
    "num_bloom_filters_in_scan": 0,
    "num_bloom_filters_in_scan": 0,
    "num_bloom_filters_in_scan": 0,
    "num_bloom_filters_in_scan": 0,
    "result": "correct",
    "time": 0.228994,
  },
  {
    "name": "benchmark/imdb_parachute/15c.benchmark",
    "iteration": 2,
    "num_bloom_filters_in_scan": 0,
    "num_bloom_filters_in_scan": 0,
    "num_bloom_filters_in_scan": 0,
    "num_bloom_filters_in_scan": 0,
    "num_bloom_filters_in_scan": 0,
    "num_bloom_filters_in_scan": 0,
    "num_bloom_filters_in_scan": 0,
    "num_bloom_filters_in_scan": 0,
    "num_bloom_filters_in_scan": 0,
    "result": "correct",
    "time": 0.226048,
  },
  {
    "name": "benchmark/imdb_parachute/15c.benchmark",
    "iteration": 3,
    "num_bloom_filters_in_scan": 0,
    "num_bloom_filters_in_scan": 0,
    "num_bloom_filters_in_scan": 0,
    "num_bloom_filters_in_scan": 0,
    "num_bloom_filters_in_scan": 0,
    "num_bloom_filters_in_scan": 0,
    "num_bloom_filters_in_scan": 0,
    "num_bloom_filters_in_scan": 0,
    "num_bloom_filters_in_scan": 0,
    "result": "correct",
    "time": 0.229274,
  },
  {
    "name": "benchmark/imdb_parachute/15c.benchmark",
    "iteration": 4,
    "num_bloom_filters_in_scan": 0,
    "num_bloom_filters_in_scan": 0,
    "num_bloom_filters_in_scan": 0,
    "num_bloom_filters_in_scan": 0,
    "num_bloom_filters_in_scan": 0,
    "num_bloom_filters_in_scan": 0,
    "num_bloom_filters_in_scan": 0,
    "num_bloom_filters_in_scan": 0,
    "num_bloom_filters_in_scan": 0,
    "result": "correct",
    "time": 0.227687,
  },
  {
    "name": "benchmark/imdb_parachute/15c.benchmark",
    "iteration": 5,
    "num_bloom_filters_in_scan": 0,
    "num_bloom_filters_in_scan": 0,
    "num_bloom_filters_in_scan": 0,
    "num_bloom_filters_in_scan": 0,
    "num_bloom_filters_in_scan": 0,
    "num_bloom_filters_in_scan": 0,
    "num_bloom_filters_in_scan": 0,
    "num_bloom_filters_in_scan": 0,
    "num_bloom_filters_in_scan": 0,
    "result": "correct",
    "time": 0.229372,
  },
  {
    "name": "benchmark/imdb_parachute/15d.benchmark",
    "iteration": 0,
    "num_bloom_filters_in_scan": 0,
    "num_bloom_filters_in_scan": 0,
    "num_bloom_filters_in_scan": 0,
    "num_bloom_filters_in_scan": 0,
    "num_bloom_filters_in_scan": 0,
    "num_bloom_filters_in_scan": 0,
    "num_bloom_filters_in_scan": 0,
    "num_bloom_filters_in_scan": 0,
    "num_bloom_filters_in_scan": 0,
  },
  {
    "name": "benchmark/imdb_parachute/15d.benchmark",
    "iteration": 1,
    "num_bloom_filters_in_scan": 0,
    "num_bloom_filters_in_scan": 0,
    "num_bloom_filters_in_scan": 0,
    "num_bloom_filters_in_scan": 0,
    "num_bloom_filters_in_scan": 0,
    "num_bloom_filters_in_scan": 0,
    "num_bloom_filters_in_scan": 0,
    "num_bloom_filters_in_scan": 0,
    "num_bloom_filters_in_scan": 0,
    "result": "correct",
    "time": 0.157113,
  },
  {
    "name": "benchmark/imdb_parachute/15d.benchmark",
    "iteration": 2,
    "num_bloom_filters_in_scan": 0,
    "num_bloom_filters_in_scan": 0,
    "num_bloom_filters_in_scan": 0,
    "num_bloom_filters_in_scan": 0,
    "num_bloom_filters_in_scan": 0,
    "num_bloom_filters_in_scan": 0,
    "num_bloom_filters_in_scan": 0,
    "num_bloom_filters_in_scan": 0,
    "num_bloom_filters_in_scan": 0,
    "result": "correct",
    "time": 0.156862,
  },
  {
    "name": "benchmark/imdb_parachute/15d.benchmark",
    "iteration": 3,
    "num_bloom_filters_in_scan": 0,
    "num_bloom_filters_in_scan": 0,
    "num_bloom_filters_in_scan": 0,
    "num_bloom_filters_in_scan": 0,
    "num_bloom_filters_in_scan": 0,
    "num_bloom_filters_in_scan": 0,
    "num_bloom_filters_in_scan": 0,
    "num_bloom_filters_in_scan": 0,
    "num_bloom_filters_in_scan": 0,
    "result": "correct",
    "time": 0.157194,
  },
  {
    "name": "benchmark/imdb_parachute/15d.benchmark",
    "iteration": 4,
    "num_bloom_filters_in_scan": 0,
    "num_bloom_filters_in_scan": 0,
    "num_bloom_filters_in_scan": 0,
    "num_bloom_filters_in_scan": 0,
    "num_bloom_filters_in_scan": 0,
    "num_bloom_filters_in_scan": 0,
    "num_bloom_filters_in_scan": 0,
    "num_bloom_filters_in_scan": 0,
    "num_bloom_filters_in_scan": 0,
    "result": "correct",
    "time": 0.150137,
  },
  {
    "name": "benchmark/imdb_parachute/15d.benchmark",
    "iteration": 5,
    "num_bloom_filters_in_scan": 0,
    "num_bloom_filters_in_scan": 0,
    "num_bloom_filters_in_scan": 0,
    "num_bloom_filters_in_scan": 0,
    "num_bloom_filters_in_scan": 0,
    "num_bloom_filters_in_scan": 0,
    "num_bloom_filters_in_scan": 0,
    "num_bloom_filters_in_scan": 0,
    "num_bloom_filters_in_scan": 0,
    "result": "correct",
    "time": 0.157046,
  },
  {
    "name": "benchmark/imdb_parachute/16a.benchmark",
    "iteration": 0,
    "num_bloom_filters_in_scan": 0,
    "num_bloom_filters_in_scan": 0,
    "num_bloom_filters_in_scan": 0,
    "num_bloom_filters_in_scan": 0,
    "num_bloom_filters_in_scan": 0,
    "num_bloom_filters_in_scan": 0,
    "num_bloom_filters_in_scan": 0,
    "num_bloom_filters_in_scan": 0,
  },
  {
    "name": "benchmark/imdb_parachute/16a.benchmark",
    "iteration": 1,
    "num_bloom_filters_in_scan": 0,
    "num_bloom_filters_in_scan": 0,
    "num_bloom_filters_in_scan": 0,
    "num_bloom_filters_in_scan": 0,
    "num_bloom_filters_in_scan": 0,
    "num_bloom_filters_in_scan": 0,
    "num_bloom_filters_in_scan": 0,
    "num_bloom_filters_in_scan": 0,
    "result": "correct",
    "time": 0.237955,
  },
  {
    "name": "benchmark/imdb_parachute/16a.benchmark",
    "iteration": 2,
    "num_bloom_filters_in_scan": 0,
    "num_bloom_filters_in_scan": 0,
    "num_bloom_filters_in_scan": 0,
    "num_bloom_filters_in_scan": 0,
    "num_bloom_filters_in_scan": 0,
    "num_bloom_filters_in_scan": 0,
    "num_bloom_filters_in_scan": 0,
    "num_bloom_filters_in_scan": 0,
    "result": "correct",
    "time": 0.235001,
  },
  {
    "name": "benchmark/imdb_parachute/16a.benchmark",
    "iteration": 3,
    "num_bloom_filters_in_scan": 0,
    "num_bloom_filters_in_scan": 0,
    "num_bloom_filters_in_scan": 0,
    "num_bloom_filters_in_scan": 0,
    "num_bloom_filters_in_scan": 0,
    "num_bloom_filters_in_scan": 0,
    "num_bloom_filters_in_scan": 0,
    "num_bloom_filters_in_scan": 0,
    "result": "correct",
    "time": 0.235129,
  },
  {
    "name": "benchmark/imdb_parachute/16a.benchmark",
    "iteration": 4,
    "num_bloom_filters_in_scan": 0,
    "num_bloom_filters_in_scan": 0,
    "num_bloom_filters_in_scan": 0,
    "num_bloom_filters_in_scan": 0,
    "num_bloom_filters_in_scan": 0,
    "num_bloom_filters_in_scan": 0,
    "num_bloom_filters_in_scan": 0,
    "num_bloom_filters_in_scan": 0,
    "result": "correct",
    "time": 0.235548,
  },
  {
    "name": "benchmark/imdb_parachute/16a.benchmark",
    "iteration": 5,
    "num_bloom_filters_in_scan": 0,
    "num_bloom_filters_in_scan": 0,
    "num_bloom_filters_in_scan": 0,
    "num_bloom_filters_in_scan": 0,
    "num_bloom_filters_in_scan": 0,
    "num_bloom_filters_in_scan": 0,
    "num_bloom_filters_in_scan": 0,
    "num_bloom_filters_in_scan": 0,
    "result": "correct",
    "time": 0.236476,
  },
  {
    "name": "benchmark/imdb_parachute/16b.benchmark",
    "iteration": 0,
    "num_bloom_filters_in_scan": 0,
    "num_bloom_filters_in_scan": 0,
    "num_bloom_filters_in_scan": 0,
    "num_bloom_filters_in_scan": 0,
    "num_bloom_filters_in_scan": 0,
    "num_bloom_filters_in_scan": 0,
    "num_bloom_filters_in_scan": 0,
    "num_bloom_filters_in_scan": 0,
  },
  {
    "name": "benchmark/imdb_parachute/16b.benchmark",
    "iteration": 1,
    "num_bloom_filters_in_scan": 0,
    "num_bloom_filters_in_scan": 0,
    "num_bloom_filters_in_scan": 0,
    "num_bloom_filters_in_scan": 0,
    "num_bloom_filters_in_scan": 0,
    "num_bloom_filters_in_scan": 0,
    "num_bloom_filters_in_scan": 0,
    "num_bloom_filters_in_scan": 0,
    "result": "correct",
    "time": 2.12887,
  },
  {
    "name": "benchmark/imdb_parachute/16b.benchmark",
    "iteration": 2,
    "num_bloom_filters_in_scan": 0,
    "num_bloom_filters_in_scan": 0,
    "num_bloom_filters_in_scan": 0,
    "num_bloom_filters_in_scan": 0,
    "num_bloom_filters_in_scan": 0,
    "num_bloom_filters_in_scan": 0,
    "num_bloom_filters_in_scan": 0,
    "num_bloom_filters_in_scan": 0,
    "result": "correct",
    "time": 2.14751,
  },
  {
    "name": "benchmark/imdb_parachute/16b.benchmark",
    "iteration": 3,
    "num_bloom_filters_in_scan": 0,
    "num_bloom_filters_in_scan": 0,
    "num_bloom_filters_in_scan": 0,
    "num_bloom_filters_in_scan": 0,
    "num_bloom_filters_in_scan": 0,
    "num_bloom_filters_in_scan": 0,
    "num_bloom_filters_in_scan": 0,
    "num_bloom_filters_in_scan": 0,
    "result": "correct",
    "time": 2.13328,
  },
  {
    "name": "benchmark/imdb_parachute/16b.benchmark",
    "iteration": 4,
    "num_bloom_filters_in_scan": 0,
    "num_bloom_filters_in_scan": 0,
    "num_bloom_filters_in_scan": 0,
    "num_bloom_filters_in_scan": 0,
    "num_bloom_filters_in_scan": 0,
    "num_bloom_filters_in_scan": 0,
    "num_bloom_filters_in_scan": 0,
    "num_bloom_filters_in_scan": 0,
    "result": "correct",
    "time": 2.14205,
  },
  {
    "name": "benchmark/imdb_parachute/16b.benchmark",
    "iteration": 5,
    "num_bloom_filters_in_scan": 0,
    "num_bloom_filters_in_scan": 0,
    "num_bloom_filters_in_scan": 0,
    "num_bloom_filters_in_scan": 0,
    "num_bloom_filters_in_scan": 0,
    "num_bloom_filters_in_scan": 0,
    "num_bloom_filters_in_scan": 0,
    "num_bloom_filters_in_scan": 0,
    "result": "correct",
    "time": 2.13364,
  },
  {
    "name": "benchmark/imdb_parachute/16c.benchmark",
    "iteration": 0,
    "num_bloom_filters_in_scan": 0,
    "num_bloom_filters_in_scan": 0,
    "num_bloom_filters_in_scan": 0,
    "num_bloom_filters_in_scan": 0,
    "num_bloom_filters_in_scan": 0,
    "num_bloom_filters_in_scan": 0,
    "num_bloom_filters_in_scan": 0,
    "num_bloom_filters_in_scan": 0,
  },
  {
    "name": "benchmark/imdb_parachute/16c.benchmark",
    "iteration": 1,
    "num_bloom_filters_in_scan": 0,
    "num_bloom_filters_in_scan": 0,
    "num_bloom_filters_in_scan": 0,
    "num_bloom_filters_in_scan": 0,
    "num_bloom_filters_in_scan": 0,
    "num_bloom_filters_in_scan": 0,
    "num_bloom_filters_in_scan": 0,
    "num_bloom_filters_in_scan": 0,
    "result": "correct",
    "time": 0.601129,
  },
  {
    "name": "benchmark/imdb_parachute/16c.benchmark",
    "iteration": 2,
    "num_bloom_filters_in_scan": 0,
    "num_bloom_filters_in_scan": 0,
    "num_bloom_filters_in_scan": 0,
    "num_bloom_filters_in_scan": 0,
    "num_bloom_filters_in_scan": 0,
    "num_bloom_filters_in_scan": 0,
    "num_bloom_filters_in_scan": 0,
    "num_bloom_filters_in_scan": 0,
    "result": "correct",
    "time": 0.596422,
  },
  {
    "name": "benchmark/imdb_parachute/16c.benchmark",
    "iteration": 3,
    "num_bloom_filters_in_scan": 0,
    "num_bloom_filters_in_scan": 0,
    "num_bloom_filters_in_scan": 0,
    "num_bloom_filters_in_scan": 0,
    "num_bloom_filters_in_scan": 0,
    "num_bloom_filters_in_scan": 0,
    "num_bloom_filters_in_scan": 0,
    "num_bloom_filters_in_scan": 0,
    "result": "correct",
    "time": 0.596267,
  },
  {
    "name": "benchmark/imdb_parachute/16c.benchmark",
    "iteration": 4,
    "num_bloom_filters_in_scan": 0,
    "num_bloom_filters_in_scan": 0,
    "num_bloom_filters_in_scan": 0,
    "num_bloom_filters_in_scan": 0,
    "num_bloom_filters_in_scan": 0,
    "num_bloom_filters_in_scan": 0,
    "num_bloom_filters_in_scan": 0,
    "num_bloom_filters_in_scan": 0,
    "result": "correct",
    "time": 0.599714,
  },
  {
    "name": "benchmark/imdb_parachute/16c.benchmark",
    "iteration": 5,
    "num_bloom_filters_in_scan": 0,
    "num_bloom_filters_in_scan": 0,
    "num_bloom_filters_in_scan": 0,
    "num_bloom_filters_in_scan": 0,
    "num_bloom_filters_in_scan": 0,
    "num_bloom_filters_in_scan": 0,
    "num_bloom_filters_in_scan": 0,
    "num_bloom_filters_in_scan": 0,
    "result": "correct",
    "time": 0.6001,
  },
  {
    "name": "benchmark/imdb_parachute/16d.benchmark",
    "iteration": 0,
    "num_bloom_filters_in_scan": 0,
    "num_bloom_filters_in_scan": 0,
    "num_bloom_filters_in_scan": 0,
    "num_bloom_filters_in_scan": 0,
    "num_bloom_filters_in_scan": 0,
    "num_bloom_filters_in_scan": 0,
    "num_bloom_filters_in_scan": 0,
    "num_bloom_filters_in_scan": 0,
  },
  {
    "name": "benchmark/imdb_parachute/16d.benchmark",
    "iteration": 1,
    "num_bloom_filters_in_scan": 0,
    "num_bloom_filters_in_scan": 0,
    "num_bloom_filters_in_scan": 0,
    "num_bloom_filters_in_scan": 0,
    "num_bloom_filters_in_scan": 0,
    "num_bloom_filters_in_scan": 0,
    "num_bloom_filters_in_scan": 0,
    "num_bloom_filters_in_scan": 0,
    "result": "correct",
    "time": 0.539327,
  },
  {
    "name": "benchmark/imdb_parachute/16d.benchmark",
    "iteration": 2,
    "num_bloom_filters_in_scan": 0,
    "num_bloom_filters_in_scan": 0,
    "num_bloom_filters_in_scan": 0,
    "num_bloom_filters_in_scan": 0,
    "num_bloom_filters_in_scan": 0,
    "num_bloom_filters_in_scan": 0,
    "num_bloom_filters_in_scan": 0,
    "num_bloom_filters_in_scan": 0,
    "result": "correct",
    "time": 0.528224,
  },
  {
    "name": "benchmark/imdb_parachute/16d.benchmark",
    "iteration": 3,
    "num_bloom_filters_in_scan": 0,
    "num_bloom_filters_in_scan": 0,
    "num_bloom_filters_in_scan": 0,
    "num_bloom_filters_in_scan": 0,
    "num_bloom_filters_in_scan": 0,
    "num_bloom_filters_in_scan": 0,
    "num_bloom_filters_in_scan": 0,
    "num_bloom_filters_in_scan": 0,
    "result": "correct",
    "time": 0.52892,
  },
  {
    "name": "benchmark/imdb_parachute/16d.benchmark",
    "iteration": 4,
    "num_bloom_filters_in_scan": 0,
    "num_bloom_filters_in_scan": 0,
    "num_bloom_filters_in_scan": 0,
    "num_bloom_filters_in_scan": 0,
    "num_bloom_filters_in_scan": 0,
    "num_bloom_filters_in_scan": 0,
    "num_bloom_filters_in_scan": 0,
    "num_bloom_filters_in_scan": 0,
    "result": "correct",
    "time": 0.531364,
  },
  {
    "name": "benchmark/imdb_parachute/16d.benchmark",
    "iteration": 5,
    "num_bloom_filters_in_scan": 0,
    "num_bloom_filters_in_scan": 0,
    "num_bloom_filters_in_scan": 0,
    "num_bloom_filters_in_scan": 0,
    "num_bloom_filters_in_scan": 0,
    "num_bloom_filters_in_scan": 0,
    "num_bloom_filters_in_scan": 0,
    "num_bloom_filters_in_scan": 0,
    "result": "correct",
    "time": 0.529902,
  },
  {
    "name": "benchmark/imdb_parachute/17a.benchmark",
    "iteration": 0,
    "num_bloom_filters_in_scan": 0,
    "num_bloom_filters_in_scan": 0,
    "num_bloom_filters_in_scan": 0,
    "num_bloom_filters_in_scan": 0,
    "num_bloom_filters_in_scan": 0,
    "num_bloom_filters_in_scan": 0,
    "num_bloom_filters_in_scan": 0,
  },
  {
    "name": "benchmark/imdb_parachute/17a.benchmark",
    "iteration": 1,
    "num_bloom_filters_in_scan": 0,
    "num_bloom_filters_in_scan": 0,
    "num_bloom_filters_in_scan": 0,
    "num_bloom_filters_in_scan": 0,
    "num_bloom_filters_in_scan": 0,
    "num_bloom_filters_in_scan": 0,
    "num_bloom_filters_in_scan": 0,
    "result": "correct",
    "time": 0.332478,
  },
  {
    "name": "benchmark/imdb_parachute/17a.benchmark",
    "iteration": 2,
    "num_bloom_filters_in_scan": 0,
    "num_bloom_filters_in_scan": 0,
    "num_bloom_filters_in_scan": 0,
    "num_bloom_filters_in_scan": 0,
    "num_bloom_filters_in_scan": 0,
    "num_bloom_filters_in_scan": 0,
    "num_bloom_filters_in_scan": 0,
    "result": "correct",
    "time": 0.313202,
  },
  {
    "name": "benchmark/imdb_parachute/17a.benchmark",
    "iteration": 3,
    "num_bloom_filters_in_scan": 0,
    "num_bloom_filters_in_scan": 0,
    "num_bloom_filters_in_scan": 0,
    "num_bloom_filters_in_scan": 0,
    "num_bloom_filters_in_scan": 0,
    "num_bloom_filters_in_scan": 0,
    "num_bloom_filters_in_scan": 0,
    "result": "correct",
    "time": 0.302683,
  },
  {
    "name": "benchmark/imdb_parachute/17a.benchmark",
    "iteration": 4,
    "num_bloom_filters_in_scan": 0,
    "num_bloom_filters_in_scan": 0,
    "num_bloom_filters_in_scan": 0,
    "num_bloom_filters_in_scan": 0,
    "num_bloom_filters_in_scan": 0,
    "num_bloom_filters_in_scan": 0,
    "num_bloom_filters_in_scan": 0,
    "result": "correct",
    "time": 0.300081,
  },
  {
    "name": "benchmark/imdb_parachute/17a.benchmark",
    "iteration": 5,
    "num_bloom_filters_in_scan": 0,
    "num_bloom_filters_in_scan": 0,
    "num_bloom_filters_in_scan": 0,
    "num_bloom_filters_in_scan": 0,
    "num_bloom_filters_in_scan": 0,
    "num_bloom_filters_in_scan": 0,
    "num_bloom_filters_in_scan": 0,
    "result": "correct",
    "time": 0.298663,
  },
  {
    "name": "benchmark/imdb_parachute/17b.benchmark",
    "iteration": 0,
    "num_bloom_filters_in_scan": 0,
    "num_bloom_filters_in_scan": 0,
    "num_bloom_filters_in_scan": 0,
    "num_bloom_filters_in_scan": 0,
    "num_bloom_filters_in_scan": 0,
    "num_bloom_filters_in_scan": 0,
    "num_bloom_filters_in_scan": 0,
  },
  {
    "name": "benchmark/imdb_parachute/17b.benchmark",
    "iteration": 1,
    "num_bloom_filters_in_scan": 0,
    "num_bloom_filters_in_scan": 0,
    "num_bloom_filters_in_scan": 0,
    "num_bloom_filters_in_scan": 0,
    "num_bloom_filters_in_scan": 0,
    "num_bloom_filters_in_scan": 0,
    "num_bloom_filters_in_scan": 0,
    "result": "correct",
    "time": 0.261781,
  },
  {
    "name": "benchmark/imdb_parachute/17b.benchmark",
    "iteration": 2,
    "num_bloom_filters_in_scan": 0,
    "num_bloom_filters_in_scan": 0,
    "num_bloom_filters_in_scan": 0,
    "num_bloom_filters_in_scan": 0,
    "num_bloom_filters_in_scan": 0,
    "num_bloom_filters_in_scan": 0,
    "num_bloom_filters_in_scan": 0,
    "result": "correct",
    "time": 0.259165,
  },
  {
    "name": "benchmark/imdb_parachute/17b.benchmark",
    "iteration": 3,
    "num_bloom_filters_in_scan": 0,
    "num_bloom_filters_in_scan": 0,
    "num_bloom_filters_in_scan": 0,
    "num_bloom_filters_in_scan": 0,
    "num_bloom_filters_in_scan": 0,
    "num_bloom_filters_in_scan": 0,
    "num_bloom_filters_in_scan": 0,
    "result": "correct",
    "time": 0.255417,
  },
  {
    "name": "benchmark/imdb_parachute/17b.benchmark",
    "iteration": 4,
    "num_bloom_filters_in_scan": 0,
    "num_bloom_filters_in_scan": 0,
    "num_bloom_filters_in_scan": 0,
    "num_bloom_filters_in_scan": 0,
    "num_bloom_filters_in_scan": 0,
    "num_bloom_filters_in_scan": 0,
    "num_bloom_filters_in_scan": 0,
    "result": "correct",
    "time": 0.259543,
  },
  {
    "name": "benchmark/imdb_parachute/17b.benchmark",
    "iteration": 5,
    "num_bloom_filters_in_scan": 0,
    "num_bloom_filters_in_scan": 0,
    "num_bloom_filters_in_scan": 0,
    "num_bloom_filters_in_scan": 0,
    "num_bloom_filters_in_scan": 0,
    "num_bloom_filters_in_scan": 0,
    "num_bloom_filters_in_scan": 0,
    "result": "correct",
    "time": 0.259425,
  },
  {
    "name": "benchmark/imdb_parachute/17c.benchmark",
    "iteration": 0,
    "num_bloom_filters_in_scan": 0,
    "num_bloom_filters_in_scan": 0,
    "num_bloom_filters_in_scan": 0,
    "num_bloom_filters_in_scan": 0,
    "num_bloom_filters_in_scan": 0,
    "num_bloom_filters_in_scan": 0,
    "num_bloom_filters_in_scan": 0,
  },
  {
    "name": "benchmark/imdb_parachute/17c.benchmark",
    "iteration": 1,
    "num_bloom_filters_in_scan": 0,
    "num_bloom_filters_in_scan": 0,
    "num_bloom_filters_in_scan": 0,
    "num_bloom_filters_in_scan": 0,
    "num_bloom_filters_in_scan": 0,
    "num_bloom_filters_in_scan": 0,
    "num_bloom_filters_in_scan": 0,
    "result": "correct",
    "time": 0.267895,
  },
  {
    "name": "benchmark/imdb_parachute/17c.benchmark",
    "iteration": 2,
    "num_bloom_filters_in_scan": 0,
    "num_bloom_filters_in_scan": 0,
    "num_bloom_filters_in_scan": 0,
    "num_bloom_filters_in_scan": 0,
    "num_bloom_filters_in_scan": 0,
    "num_bloom_filters_in_scan": 0,
    "num_bloom_filters_in_scan": 0,
    "result": "correct",
    "time": 0.272683,
  },
  {
    "name": "benchmark/imdb_parachute/17c.benchmark",
    "iteration": 3,
    "num_bloom_filters_in_scan": 0,
    "num_bloom_filters_in_scan": 0,
    "num_bloom_filters_in_scan": 0,
    "num_bloom_filters_in_scan": 0,
    "num_bloom_filters_in_scan": 0,
    "num_bloom_filters_in_scan": 0,
    "num_bloom_filters_in_scan": 0,
    "result": "correct",
    "time": 0.272242,
  },
  {
    "name": "benchmark/imdb_parachute/17c.benchmark",
    "iteration": 4,
    "num_bloom_filters_in_scan": 0,
    "num_bloom_filters_in_scan": 0,
    "num_bloom_filters_in_scan": 0,
    "num_bloom_filters_in_scan": 0,
    "num_bloom_filters_in_scan": 0,
    "num_bloom_filters_in_scan": 0,
    "num_bloom_filters_in_scan": 0,
    "result": "correct",
    "time": 0.266781,
  },
  {
    "name": "benchmark/imdb_parachute/17c.benchmark",
    "iteration": 5,
    "num_bloom_filters_in_scan": 0,
    "num_bloom_filters_in_scan": 0,
    "num_bloom_filters_in_scan": 0,
    "num_bloom_filters_in_scan": 0,
    "num_bloom_filters_in_scan": 0,
    "num_bloom_filters_in_scan": 0,
    "num_bloom_filters_in_scan": 0,
    "result": "correct",
    "time": 0.266952,
  },
  {
    "name": "benchmark/imdb_parachute/17d.benchmark",
    "iteration": 0,
    "num_bloom_filters_in_scan": 0,
    "num_bloom_filters_in_scan": 0,
    "num_bloom_filters_in_scan": 0,
    "num_bloom_filters_in_scan": 0,
    "num_bloom_filters_in_scan": 0,
    "num_bloom_filters_in_scan": 0,
    "num_bloom_filters_in_scan": 0,
  },
  {
    "name": "benchmark/imdb_parachute/17d.benchmark",
    "iteration": 1,
    "num_bloom_filters_in_scan": 0,
    "num_bloom_filters_in_scan": 0,
    "num_bloom_filters_in_scan": 0,
    "num_bloom_filters_in_scan": 0,
    "num_bloom_filters_in_scan": 0,
    "num_bloom_filters_in_scan": 0,
    "num_bloom_filters_in_scan": 0,
    "result": "correct",
    "time": 0.349738,
  },
  {
    "name": "benchmark/imdb_parachute/17d.benchmark",
    "iteration": 2,
    "num_bloom_filters_in_scan": 0,
    "num_bloom_filters_in_scan": 0,
    "num_bloom_filters_in_scan": 0,
    "num_bloom_filters_in_scan": 0,
    "num_bloom_filters_in_scan": 0,
    "num_bloom_filters_in_scan": 0,
    "num_bloom_filters_in_scan": 0,
    "result": "correct",
    "time": 0.347839,
  },
  {
    "name": "benchmark/imdb_parachute/17d.benchmark",
    "iteration": 3,
    "num_bloom_filters_in_scan": 0,
    "num_bloom_filters_in_scan": 0,
    "num_bloom_filters_in_scan": 0,
    "num_bloom_filters_in_scan": 0,
    "num_bloom_filters_in_scan": 0,
    "num_bloom_filters_in_scan": 0,
    "num_bloom_filters_in_scan": 0,
    "result": "correct",
    "time": 0.348847,
  },
  {
    "name": "benchmark/imdb_parachute/17d.benchmark",
    "iteration": 4,
    "num_bloom_filters_in_scan": 0,
    "num_bloom_filters_in_scan": 0,
    "num_bloom_filters_in_scan": 0,
    "num_bloom_filters_in_scan": 0,
    "num_bloom_filters_in_scan": 0,
    "num_bloom_filters_in_scan": 0,
    "num_bloom_filters_in_scan": 0,
    "result": "correct",
    "time": 0.348753,
  },
  {
    "name": "benchmark/imdb_parachute/17d.benchmark",
    "iteration": 5,
    "num_bloom_filters_in_scan": 0,
    "num_bloom_filters_in_scan": 0,
    "num_bloom_filters_in_scan": 0,
    "num_bloom_filters_in_scan": 0,
    "num_bloom_filters_in_scan": 0,
    "num_bloom_filters_in_scan": 0,
    "num_bloom_filters_in_scan": 0,
    "result": "correct",
    "time": 0.349302,
  },
  {
    "name": "benchmark/imdb_parachute/17e.benchmark",
    "iteration": 0,
    "num_bloom_filters_in_scan": 0,
    "num_bloom_filters_in_scan": 0,
    "num_bloom_filters_in_scan": 0,
    "num_bloom_filters_in_scan": 0,
    "num_bloom_filters_in_scan": 0,
    "num_bloom_filters_in_scan": 0,
    "num_bloom_filters_in_scan": 0,
  },
  {
    "name": "benchmark/imdb_parachute/17e.benchmark",
    "iteration": 1,
    "num_bloom_filters_in_scan": 0,
    "num_bloom_filters_in_scan": 0,
    "num_bloom_filters_in_scan": 0,
    "num_bloom_filters_in_scan": 0,
    "num_bloom_filters_in_scan": 0,
    "num_bloom_filters_in_scan": 0,
    "num_bloom_filters_in_scan": 0,
    "result": "correct",
    "time": 1.1349,
  },
  {
    "name": "benchmark/imdb_parachute/17e.benchmark",
    "iteration": 2,
    "num_bloom_filters_in_scan": 0,
    "num_bloom_filters_in_scan": 0,
    "num_bloom_filters_in_scan": 0,
    "num_bloom_filters_in_scan": 0,
    "num_bloom_filters_in_scan": 0,
    "num_bloom_filters_in_scan": 0,
    "num_bloom_filters_in_scan": 0,
    "result": "correct",
    "time": 1.10426,
  },
  {
    "name": "benchmark/imdb_parachute/17e.benchmark",
    "iteration": 3,
    "num_bloom_filters_in_scan": 0,
    "num_bloom_filters_in_scan": 0,
    "num_bloom_filters_in_scan": 0,
    "num_bloom_filters_in_scan": 0,
    "num_bloom_filters_in_scan": 0,
    "num_bloom_filters_in_scan": 0,
    "num_bloom_filters_in_scan": 0,
    "result": "correct",
    "time": 1.10795,
  },
  {
    "name": "benchmark/imdb_parachute/17e.benchmark",
    "iteration": 4,
    "num_bloom_filters_in_scan": 0,
    "num_bloom_filters_in_scan": 0,
    "num_bloom_filters_in_scan": 0,
    "num_bloom_filters_in_scan": 0,
    "num_bloom_filters_in_scan": 0,
    "num_bloom_filters_in_scan": 0,
    "num_bloom_filters_in_scan": 0,
    "result": "correct",
    "time": 1.1086,
  },
  {
    "name": "benchmark/imdb_parachute/17e.benchmark",
    "iteration": 5,
    "num_bloom_filters_in_scan": 0,
    "num_bloom_filters_in_scan": 0,
    "num_bloom_filters_in_scan": 0,
    "num_bloom_filters_in_scan": 0,
    "num_bloom_filters_in_scan": 0,
    "num_bloom_filters_in_scan": 0,
    "num_bloom_filters_in_scan": 0,
    "result": "correct",
    "time": 1.10709,
  },
  {
    "name": "benchmark/imdb_parachute/17f.benchmark",
    "iteration": 0,
    "num_bloom_filters_in_scan": 0,
    "num_bloom_filters_in_scan": 0,
    "num_bloom_filters_in_scan": 0,
    "num_bloom_filters_in_scan": 0,
    "num_bloom_filters_in_scan": 0,
    "num_bloom_filters_in_scan": 0,
    "num_bloom_filters_in_scan": 0,
  },
  {
    "name": "benchmark/imdb_parachute/17f.benchmark",
    "iteration": 1,
    "num_bloom_filters_in_scan": 0,
    "num_bloom_filters_in_scan": 0,
    "num_bloom_filters_in_scan": 0,
    "num_bloom_filters_in_scan": 0,
    "num_bloom_filters_in_scan": 0,
    "num_bloom_filters_in_scan": 0,
    "num_bloom_filters_in_scan": 0,
    "result": "correct",
    "time": 0.864828,
  },
  {
    "name": "benchmark/imdb_parachute/17f.benchmark",
    "iteration": 2,
    "num_bloom_filters_in_scan": 0,
    "num_bloom_filters_in_scan": 0,
    "num_bloom_filters_in_scan": 0,
    "num_bloom_filters_in_scan": 0,
    "num_bloom_filters_in_scan": 0,
    "num_bloom_filters_in_scan": 0,
    "num_bloom_filters_in_scan": 0,
    "result": "correct",
    "time": 0.857835,
  },
  {
    "name": "benchmark/imdb_parachute/17f.benchmark",
    "iteration": 3,
    "num_bloom_filters_in_scan": 0,
    "num_bloom_filters_in_scan": 0,
    "num_bloom_filters_in_scan": 0,
    "num_bloom_filters_in_scan": 0,
    "num_bloom_filters_in_scan": 0,
    "num_bloom_filters_in_scan": 0,
    "num_bloom_filters_in_scan": 0,
    "result": "correct",
    "time": 0.86159,
  },
  {
    "name": "benchmark/imdb_parachute/17f.benchmark",
    "iteration": 4,
    "num_bloom_filters_in_scan": 0,
    "num_bloom_filters_in_scan": 0,
    "num_bloom_filters_in_scan": 0,
    "num_bloom_filters_in_scan": 0,
    "num_bloom_filters_in_scan": 0,
    "num_bloom_filters_in_scan": 0,
    "num_bloom_filters_in_scan": 0,
    "result": "correct",
    "time": 0.862594,
  },
  {
    "name": "benchmark/imdb_parachute/17f.benchmark",
    "iteration": 5,
    "num_bloom_filters_in_scan": 0,
    "num_bloom_filters_in_scan": 0,
    "num_bloom_filters_in_scan": 0,
    "num_bloom_filters_in_scan": 0,
    "num_bloom_filters_in_scan": 0,
    "num_bloom_filters_in_scan": 0,
    "num_bloom_filters_in_scan": 0,
    "result": "correct",
    "time": 0.873118,
  },
  {
    "name": "benchmark/imdb_parachute/18a.benchmark",
    "iteration": 0,
    "num_bloom_filters_in_scan": 0,
    "num_bloom_filters_in_scan": 0,
    "num_bloom_filters_in_scan": 0,
    "num_bloom_filters_in_scan": 0,
    "num_bloom_filters_in_scan": 0,
    "num_bloom_filters_in_scan": 0,
    "num_bloom_filters_in_scan": 0,
  },
  {
    "name": "benchmark/imdb_parachute/18a.benchmark",
    "iteration": 1,
    "num_bloom_filters_in_scan": 0,
    "num_bloom_filters_in_scan": 0,
    "num_bloom_filters_in_scan": 0,
    "num_bloom_filters_in_scan": 0,
    "num_bloom_filters_in_scan": 0,
    "num_bloom_filters_in_scan": 0,
    "num_bloom_filters_in_scan": 0,
    "result": "correct",
    "time": 0.500208,
  },
  {
    "name": "benchmark/imdb_parachute/18a.benchmark",
    "iteration": 2,
    "num_bloom_filters_in_scan": 0,
    "num_bloom_filters_in_scan": 0,
    "num_bloom_filters_in_scan": 0,
    "num_bloom_filters_in_scan": 0,
    "num_bloom_filters_in_scan": 0,
    "num_bloom_filters_in_scan": 0,
    "num_bloom_filters_in_scan": 0,
    "result": "correct",
    "time": 0.494636,
  },
  {
    "name": "benchmark/imdb_parachute/18a.benchmark",
    "iteration": 3,
    "num_bloom_filters_in_scan": 0,
    "num_bloom_filters_in_scan": 0,
    "num_bloom_filters_in_scan": 0,
    "num_bloom_filters_in_scan": 0,
    "num_bloom_filters_in_scan": 0,
    "num_bloom_filters_in_scan": 0,
    "num_bloom_filters_in_scan": 0,
    "result": "correct",
    "time": 0.497564,
  },
  {
    "name": "benchmark/imdb_parachute/18a.benchmark",
    "iteration": 4,
    "num_bloom_filters_in_scan": 0,
    "num_bloom_filters_in_scan": 0,
    "num_bloom_filters_in_scan": 0,
    "num_bloom_filters_in_scan": 0,
    "num_bloom_filters_in_scan": 0,
    "num_bloom_filters_in_scan": 0,
    "num_bloom_filters_in_scan": 0,
    "result": "correct",
    "time": 0.498489,
  },
  {
    "name": "benchmark/imdb_parachute/18a.benchmark",
    "iteration": 5,
    "num_bloom_filters_in_scan": 0,
    "num_bloom_filters_in_scan": 0,
    "num_bloom_filters_in_scan": 0,
    "num_bloom_filters_in_scan": 0,
    "num_bloom_filters_in_scan": 0,
    "num_bloom_filters_in_scan": 0,
    "num_bloom_filters_in_scan": 0,
    "result": "correct",
    "time": 0.493578,
  },
  {
    "name": "benchmark/imdb_parachute/18b.benchmark",
    "iteration": 0,
    "num_bloom_filters_in_scan": 0,
    "num_bloom_filters_in_scan": 0,
    "num_bloom_filters_in_scan": 0,
    "num_bloom_filters_in_scan": 0,
    "num_bloom_filters_in_scan": 0,
    "num_bloom_filters_in_scan": 0,
    "num_bloom_filters_in_scan": 0,
  },
  {
    "name": "benchmark/imdb_parachute/18b.benchmark",
    "iteration": 1,
    "num_bloom_filters_in_scan": 0,
    "num_bloom_filters_in_scan": 0,
    "num_bloom_filters_in_scan": 0,
    "num_bloom_filters_in_scan": 0,
    "num_bloom_filters_in_scan": 0,
    "num_bloom_filters_in_scan": 0,
    "num_bloom_filters_in_scan": 0,
    "result": "correct",
    "time": 0.580035,
  },
  {
    "name": "benchmark/imdb_parachute/18b.benchmark",
    "iteration": 2,
    "num_bloom_filters_in_scan": 0,
    "num_bloom_filters_in_scan": 0,
    "num_bloom_filters_in_scan": 0,
    "num_bloom_filters_in_scan": 0,
    "num_bloom_filters_in_scan": 0,
    "num_bloom_filters_in_scan": 0,
    "num_bloom_filters_in_scan": 0,
    "result": "correct",
    "time": 0.585572,
  },
  {
    "name": "benchmark/imdb_parachute/18b.benchmark",
    "iteration": 3,
    "num_bloom_filters_in_scan": 0,
    "num_bloom_filters_in_scan": 0,
    "num_bloom_filters_in_scan": 0,
    "num_bloom_filters_in_scan": 0,
    "num_bloom_filters_in_scan": 0,
    "num_bloom_filters_in_scan": 0,
    "num_bloom_filters_in_scan": 0,
    "result": "correct",
    "time": 0.582034,
  },
  {
    "name": "benchmark/imdb_parachute/18b.benchmark",
    "iteration": 4,
    "num_bloom_filters_in_scan": 0,
    "num_bloom_filters_in_scan": 0,
    "num_bloom_filters_in_scan": 0,
    "num_bloom_filters_in_scan": 0,
    "num_bloom_filters_in_scan": 0,
    "num_bloom_filters_in_scan": 0,
    "num_bloom_filters_in_scan": 0,
    "result": "correct",
    "time": 0.578008,
  },
  {
    "name": "benchmark/imdb_parachute/18b.benchmark",
    "iteration": 5,
    "num_bloom_filters_in_scan": 0,
    "num_bloom_filters_in_scan": 0,
    "num_bloom_filters_in_scan": 0,
    "num_bloom_filters_in_scan": 0,
    "num_bloom_filters_in_scan": 0,
    "num_bloom_filters_in_scan": 0,
    "num_bloom_filters_in_scan": 0,
    "result": "correct",
    "time": 0.574602,
  },
  {
    "name": "benchmark/imdb_parachute/18c.benchmark",
    "iteration": 0,
    "num_bloom_filters_in_scan": 0,
    "num_bloom_filters_in_scan": 0,
    "num_bloom_filters_in_scan": 0,
    "num_bloom_filters_in_scan": 0,
    "num_bloom_filters_in_scan": 0,
    "num_bloom_filters_in_scan": 0,
    "num_bloom_filters_in_scan": 0,
  },
  {
    "name": "benchmark/imdb_parachute/18c.benchmark",
    "iteration": 1,
    "num_bloom_filters_in_scan": 0,
    "num_bloom_filters_in_scan": 0,
    "num_bloom_filters_in_scan": 0,
    "num_bloom_filters_in_scan": 0,
    "num_bloom_filters_in_scan": 0,
    "num_bloom_filters_in_scan": 0,
    "num_bloom_filters_in_scan": 0,
    "result": "correct",
    "time": 0.994347,
  },
  {
    "name": "benchmark/imdb_parachute/18c.benchmark",
    "iteration": 2,
    "num_bloom_filters_in_scan": 0,
    "num_bloom_filters_in_scan": 0,
    "num_bloom_filters_in_scan": 0,
    "num_bloom_filters_in_scan": 0,
    "num_bloom_filters_in_scan": 0,
    "num_bloom_filters_in_scan": 0,
    "num_bloom_filters_in_scan": 0,
    "result": "correct",
    "time": 0.992869,
  },
  {
    "name": "benchmark/imdb_parachute/18c.benchmark",
    "iteration": 3,
    "num_bloom_filters_in_scan": 0,
    "num_bloom_filters_in_scan": 0,
    "num_bloom_filters_in_scan": 0,
    "num_bloom_filters_in_scan": 0,
    "num_bloom_filters_in_scan": 0,
    "num_bloom_filters_in_scan": 0,
    "num_bloom_filters_in_scan": 0,
    "result": "correct",
    "time": 0.986715,
  },
  {
    "name": "benchmark/imdb_parachute/18c.benchmark",
    "iteration": 4,
    "num_bloom_filters_in_scan": 0,
    "num_bloom_filters_in_scan": 0,
    "num_bloom_filters_in_scan": 0,
    "num_bloom_filters_in_scan": 0,
    "num_bloom_filters_in_scan": 0,
    "num_bloom_filters_in_scan": 0,
    "num_bloom_filters_in_scan": 0,
    "result": "correct",
    "time": 0.930212,
  },
  {
    "name": "benchmark/imdb_parachute/18c.benchmark",
    "iteration": 5,
    "num_bloom_filters_in_scan": 0,
    "num_bloom_filters_in_scan": 0,
    "num_bloom_filters_in_scan": 0,
    "num_bloom_filters_in_scan": 0,
    "num_bloom_filters_in_scan": 0,
    "num_bloom_filters_in_scan": 0,
    "num_bloom_filters_in_scan": 0,
    "result": "correct",
    "time": 0.948771,
  },
  {
    "name": "benchmark/imdb_parachute/19a.benchmark",
    "iteration": 0,
    "num_bloom_filters_in_scan": 0,
    "num_bloom_filters_in_scan": 0,
    "num_bloom_filters_in_scan": 0,
    "num_bloom_filters_in_scan": 0,
    "num_bloom_filters_in_scan": 0,
    "num_bloom_filters_in_scan": 0,
    "num_bloom_filters_in_scan": 0,
    "num_bloom_filters_in_scan": 0,
    "num_bloom_filters_in_scan": 0,
    "num_bloom_filters_in_scan": 0,
  },
  {
    "name": "benchmark/imdb_parachute/19a.benchmark",
    "iteration": 1,
    "num_bloom_filters_in_scan": 0,
    "num_bloom_filters_in_scan": 0,
    "num_bloom_filters_in_scan": 0,
    "num_bloom_filters_in_scan": 0,
    "num_bloom_filters_in_scan": 0,
    "num_bloom_filters_in_scan": 0,
    "num_bloom_filters_in_scan": 0,
    "num_bloom_filters_in_scan": 0,
    "num_bloom_filters_in_scan": 0,
    "num_bloom_filters_in_scan": 0,
    "result": "correct",
    "time": 1.00965,
  },
  {
    "name": "benchmark/imdb_parachute/19a.benchmark",
    "iteration": 2,
    "num_bloom_filters_in_scan": 0,
    "num_bloom_filters_in_scan": 0,
    "num_bloom_filters_in_scan": 0,
    "num_bloom_filters_in_scan": 0,
    "num_bloom_filters_in_scan": 0,
    "num_bloom_filters_in_scan": 0,
    "num_bloom_filters_in_scan": 0,
    "num_bloom_filters_in_scan": 0,
    "num_bloom_filters_in_scan": 0,
    "num_bloom_filters_in_scan": 0,
    "result": "correct",
    "time": 1.00699,
  },
  {
    "name": "benchmark/imdb_parachute/19a.benchmark",
    "iteration": 3,
    "num_bloom_filters_in_scan": 0,
    "num_bloom_filters_in_scan": 0,
    "num_bloom_filters_in_scan": 0,
    "num_bloom_filters_in_scan": 0,
    "num_bloom_filters_in_scan": 0,
    "num_bloom_filters_in_scan": 0,
    "num_bloom_filters_in_scan": 0,
    "num_bloom_filters_in_scan": 0,
    "num_bloom_filters_in_scan": 0,
    "num_bloom_filters_in_scan": 0,
    "result": "correct",
    "time": 0.966224,
  },
  {
    "name": "benchmark/imdb_parachute/19a.benchmark",
    "iteration": 4,
    "num_bloom_filters_in_scan": 0,
    "num_bloom_filters_in_scan": 0,
    "num_bloom_filters_in_scan": 0,
    "num_bloom_filters_in_scan": 0,
    "num_bloom_filters_in_scan": 0,
    "num_bloom_filters_in_scan": 0,
    "num_bloom_filters_in_scan": 0,
    "num_bloom_filters_in_scan": 0,
    "num_bloom_filters_in_scan": 0,
    "num_bloom_filters_in_scan": 0,
    "result": "correct",
    "time": 1.00805,
  },
  {
    "name": "benchmark/imdb_parachute/19a.benchmark",
    "iteration": 5,
    "num_bloom_filters_in_scan": 0,
    "num_bloom_filters_in_scan": 0,
    "num_bloom_filters_in_scan": 0,
    "num_bloom_filters_in_scan": 0,
    "num_bloom_filters_in_scan": 0,
    "num_bloom_filters_in_scan": 0,
    "num_bloom_filters_in_scan": 0,
    "num_bloom_filters_in_scan": 0,
    "num_bloom_filters_in_scan": 0,
    "num_bloom_filters_in_scan": 0,
    "result": "correct",
    "time": 0.98347,
  },
  {
    "name": "benchmark/imdb_parachute/19b.benchmark",
    "iteration": 0,
    "num_bloom_filters_in_scan": 0,
    "num_bloom_filters_in_scan": 0,
    "num_bloom_filters_in_scan": 0,
    "num_bloom_filters_in_scan": 0,
    "num_bloom_filters_in_scan": 0,
    "num_bloom_filters_in_scan": 0,
    "num_bloom_filters_in_scan": 0,
    "num_bloom_filters_in_scan": 0,
    "num_bloom_filters_in_scan": 0,
    "num_bloom_filters_in_scan": 0,
  },
  {
    "name": "benchmark/imdb_parachute/19b.benchmark",
    "iteration": 1,
    "num_bloom_filters_in_scan": 0,
    "num_bloom_filters_in_scan": 0,
    "num_bloom_filters_in_scan": 0,
    "num_bloom_filters_in_scan": 0,
    "num_bloom_filters_in_scan": 0,
    "num_bloom_filters_in_scan": 0,
    "num_bloom_filters_in_scan": 0,
    "num_bloom_filters_in_scan": 0,
    "num_bloom_filters_in_scan": 0,
    "num_bloom_filters_in_scan": 0,
    "result": "correct",
    "time": 0.503951,
  },
  {
    "name": "benchmark/imdb_parachute/19b.benchmark",
    "iteration": 2,
    "num_bloom_filters_in_scan": 0,
    "num_bloom_filters_in_scan": 0,
    "num_bloom_filters_in_scan": 0,
    "num_bloom_filters_in_scan": 0,
    "num_bloom_filters_in_scan": 0,
    "num_bloom_filters_in_scan": 0,
    "num_bloom_filters_in_scan": 0,
    "num_bloom_filters_in_scan": 0,
    "num_bloom_filters_in_scan": 0,
    "num_bloom_filters_in_scan": 0,
    "result": "correct",
    "time": 0.524538,
  },
  {
    "name": "benchmark/imdb_parachute/19b.benchmark",
    "iteration": 3,
    "num_bloom_filters_in_scan": 0,
    "num_bloom_filters_in_scan": 0,
    "num_bloom_filters_in_scan": 0,
    "num_bloom_filters_in_scan": 0,
    "num_bloom_filters_in_scan": 0,
    "num_bloom_filters_in_scan": 0,
    "num_bloom_filters_in_scan": 0,
    "num_bloom_filters_in_scan": 0,
    "num_bloom_filters_in_scan": 0,
    "num_bloom_filters_in_scan": 0,
    "result": "correct",
    "time": 0.509287,
  },
  {
    "name": "benchmark/imdb_parachute/19b.benchmark",
    "iteration": 4,
    "num_bloom_filters_in_scan": 0,
    "num_bloom_filters_in_scan": 0,
    "num_bloom_filters_in_scan": 0,
    "num_bloom_filters_in_scan": 0,
    "num_bloom_filters_in_scan": 0,
    "num_bloom_filters_in_scan": 0,
    "num_bloom_filters_in_scan": 0,
    "num_bloom_filters_in_scan": 0,
    "num_bloom_filters_in_scan": 0,
    "num_bloom_filters_in_scan": 0,
    "result": "correct",
    "time": 0.524656,
  },
  {
    "name": "benchmark/imdb_parachute/19b.benchmark",
    "iteration": 5,
    "num_bloom_filters_in_scan": 0,
    "num_bloom_filters_in_scan": 0,
    "num_bloom_filters_in_scan": 0,
    "num_bloom_filters_in_scan": 0,
    "num_bloom_filters_in_scan": 0,
    "num_bloom_filters_in_scan": 0,
    "num_bloom_filters_in_scan": 0,
    "num_bloom_filters_in_scan": 0,
    "num_bloom_filters_in_scan": 0,
    "num_bloom_filters_in_scan": 0,
    "result": "correct",
    "time": 0.507249,
  },
  {
    "name": "benchmark/imdb_parachute/19c.benchmark",
    "iteration": 0,
    "num_bloom_filters_in_scan": 0,
    "num_bloom_filters_in_scan": 0,
    "num_bloom_filters_in_scan": 0,
    "num_bloom_filters_in_scan": 0,
    "num_bloom_filters_in_scan": 0,
    "num_bloom_filters_in_scan": 0,
    "num_bloom_filters_in_scan": 0,
    "num_bloom_filters_in_scan": 0,
    "num_bloom_filters_in_scan": 0,
    "num_bloom_filters_in_scan": 0,
  },
  {
    "name": "benchmark/imdb_parachute/19c.benchmark",
    "iteration": 1,
    "num_bloom_filters_in_scan": 0,
    "num_bloom_filters_in_scan": 0,
    "num_bloom_filters_in_scan": 0,
    "num_bloom_filters_in_scan": 0,
    "num_bloom_filters_in_scan": 0,
    "num_bloom_filters_in_scan": 0,
    "num_bloom_filters_in_scan": 0,
    "num_bloom_filters_in_scan": 0,
    "num_bloom_filters_in_scan": 0,
    "num_bloom_filters_in_scan": 0,
    "result": "correct",
    "time": 0.697936,
  },
  {
    "name": "benchmark/imdb_parachute/19c.benchmark",
    "iteration": 2,
    "num_bloom_filters_in_scan": 0,
    "num_bloom_filters_in_scan": 0,
    "num_bloom_filters_in_scan": 0,
    "num_bloom_filters_in_scan": 0,
    "num_bloom_filters_in_scan": 0,
    "num_bloom_filters_in_scan": 0,
    "num_bloom_filters_in_scan": 0,
    "num_bloom_filters_in_scan": 0,
    "num_bloom_filters_in_scan": 0,
    "num_bloom_filters_in_scan": 0,
    "result": "correct",
    "time": 0.694,
  },
  {
    "name": "benchmark/imdb_parachute/19c.benchmark",
    "iteration": 3,
    "num_bloom_filters_in_scan": 0,
    "num_bloom_filters_in_scan": 0,
    "num_bloom_filters_in_scan": 0,
    "num_bloom_filters_in_scan": 0,
    "num_bloom_filters_in_scan": 0,
    "num_bloom_filters_in_scan": 0,
    "num_bloom_filters_in_scan": 0,
    "num_bloom_filters_in_scan": 0,
    "num_bloom_filters_in_scan": 0,
    "num_bloom_filters_in_scan": 0,
    "result": "correct",
    "time": 0.705172,
  },
  {
    "name": "benchmark/imdb_parachute/19c.benchmark",
    "iteration": 4,
    "num_bloom_filters_in_scan": 0,
    "num_bloom_filters_in_scan": 0,
    "num_bloom_filters_in_scan": 0,
    "num_bloom_filters_in_scan": 0,
    "num_bloom_filters_in_scan": 0,
    "num_bloom_filters_in_scan": 0,
    "num_bloom_filters_in_scan": 0,
    "num_bloom_filters_in_scan": 0,
    "num_bloom_filters_in_scan": 0,
    "num_bloom_filters_in_scan": 0,
    "result": "correct",
    "time": 0.695457,
  },
  {
    "name": "benchmark/imdb_parachute/19c.benchmark",
    "iteration": 5,
    "num_bloom_filters_in_scan": 0,
    "num_bloom_filters_in_scan": 0,
    "num_bloom_filters_in_scan": 0,
    "num_bloom_filters_in_scan": 0,
    "num_bloom_filters_in_scan": 0,
    "num_bloom_filters_in_scan": 0,
    "num_bloom_filters_in_scan": 0,
    "num_bloom_filters_in_scan": 0,
    "num_bloom_filters_in_scan": 0,
    "num_bloom_filters_in_scan": 0,
    "result": "correct",
    "time": 0.689662,
  },
  {
    "name": "benchmark/imdb_parachute/19d.benchmark",
    "iteration": 0,
    "num_bloom_filters_in_scan": 0,
    "num_bloom_filters_in_scan": 0,
    "num_bloom_filters_in_scan": 0,
    "num_bloom_filters_in_scan": 0,
    "num_bloom_filters_in_scan": 0,
    "num_bloom_filters_in_scan": 0,
    "num_bloom_filters_in_scan": 0,
    "num_bloom_filters_in_scan": 0,
    "num_bloom_filters_in_scan": 0,
    "num_bloom_filters_in_scan": 0,
  },
  {
    "name": "benchmark/imdb_parachute/19d.benchmark",
    "iteration": 1,
    "num_bloom_filters_in_scan": 0,
    "num_bloom_filters_in_scan": 0,
    "num_bloom_filters_in_scan": 0,
    "num_bloom_filters_in_scan": 0,
    "num_bloom_filters_in_scan": 0,
    "num_bloom_filters_in_scan": 0,
    "num_bloom_filters_in_scan": 0,
    "num_bloom_filters_in_scan": 0,
    "num_bloom_filters_in_scan": 0,
    "num_bloom_filters_in_scan": 0,
    "result": "correct",
    "time": 1.23036,
  },
  {
    "name": "benchmark/imdb_parachute/19d.benchmark",
    "iteration": 2,
    "num_bloom_filters_in_scan": 0,
    "num_bloom_filters_in_scan": 0,
    "num_bloom_filters_in_scan": 0,
    "num_bloom_filters_in_scan": 0,
    "num_bloom_filters_in_scan": 0,
    "num_bloom_filters_in_scan": 0,
    "num_bloom_filters_in_scan": 0,
    "num_bloom_filters_in_scan": 0,
    "num_bloom_filters_in_scan": 0,
    "num_bloom_filters_in_scan": 0,
    "result": "correct",
    "time": 1.27862,
  },
  {
    "name": "benchmark/imdb_parachute/19d.benchmark",
    "iteration": 3,
    "num_bloom_filters_in_scan": 0,
    "num_bloom_filters_in_scan": 0,
    "num_bloom_filters_in_scan": 0,
    "num_bloom_filters_in_scan": 0,
    "num_bloom_filters_in_scan": 0,
    "num_bloom_filters_in_scan": 0,
    "num_bloom_filters_in_scan": 0,
    "num_bloom_filters_in_scan": 0,
    "num_bloom_filters_in_scan": 0,
    "num_bloom_filters_in_scan": 0,
    "result": "correct",
    "time": 1.26108,
  },
  {
    "name": "benchmark/imdb_parachute/19d.benchmark",
    "iteration": 4,
    "num_bloom_filters_in_scan": 0,
    "num_bloom_filters_in_scan": 0,
    "num_bloom_filters_in_scan": 0,
    "num_bloom_filters_in_scan": 0,
    "num_bloom_filters_in_scan": 0,
    "num_bloom_filters_in_scan": 0,
    "num_bloom_filters_in_scan": 0,
    "num_bloom_filters_in_scan": 0,
    "num_bloom_filters_in_scan": 0,
    "num_bloom_filters_in_scan": 0,
    "result": "correct",
    "time": 1.22204,
  },
  {
    "name": "benchmark/imdb_parachute/19d.benchmark",
    "iteration": 5,
    "num_bloom_filters_in_scan": 0,
    "num_bloom_filters_in_scan": 0,
    "num_bloom_filters_in_scan": 0,
    "num_bloom_filters_in_scan": 0,
    "num_bloom_filters_in_scan": 0,
    "num_bloom_filters_in_scan": 0,
    "num_bloom_filters_in_scan": 0,
    "num_bloom_filters_in_scan": 0,
    "num_bloom_filters_in_scan": 0,
    "num_bloom_filters_in_scan": 0,
    "result": "correct",
    "time": 1.27686,
  },
  {
    "name": "benchmark/imdb_parachute/20a.benchmark",
    "iteration": 0,
    "num_bloom_filters_in_scan": 0,
    "num_bloom_filters_in_scan": 0,
    "num_bloom_filters_in_scan": 0,
    "num_bloom_filters_in_scan": 0,
    "num_bloom_filters_in_scan": 0,
    "num_bloom_filters_in_scan": 0,
    "num_bloom_filters_in_scan": 0,
    "num_bloom_filters_in_scan": 0,
    "num_bloom_filters_in_scan": 0,
    "num_bloom_filters_in_scan": 0,
  },
  {
    "name": "benchmark/imdb_parachute/20a.benchmark",
    "iteration": 1,
    "num_bloom_filters_in_scan": 0,
    "num_bloom_filters_in_scan": 0,
    "num_bloom_filters_in_scan": 0,
    "num_bloom_filters_in_scan": 0,
    "num_bloom_filters_in_scan": 0,
    "num_bloom_filters_in_scan": 0,
    "num_bloom_filters_in_scan": 0,
    "num_bloom_filters_in_scan": 0,
    "num_bloom_filters_in_scan": 0,
    "num_bloom_filters_in_scan": 0,
    "result": "correct",
    "time": 0.858486,
  },
  {
    "name": "benchmark/imdb_parachute/20a.benchmark",
    "iteration": 2,
    "num_bloom_filters_in_scan": 0,
    "num_bloom_filters_in_scan": 0,
    "num_bloom_filters_in_scan": 0,
    "num_bloom_filters_in_scan": 0,
    "num_bloom_filters_in_scan": 0,
    "num_bloom_filters_in_scan": 0,
    "num_bloom_filters_in_scan": 0,
    "num_bloom_filters_in_scan": 0,
    "num_bloom_filters_in_scan": 0,
    "num_bloom_filters_in_scan": 0,
    "result": "correct",
    "time": 0.856869,
  },
  {
    "name": "benchmark/imdb_parachute/20a.benchmark",
    "iteration": 3,
    "num_bloom_filters_in_scan": 0,
    "num_bloom_filters_in_scan": 0,
    "num_bloom_filters_in_scan": 0,
    "num_bloom_filters_in_scan": 0,
    "num_bloom_filters_in_scan": 0,
    "num_bloom_filters_in_scan": 0,
    "num_bloom_filters_in_scan": 0,
    "num_bloom_filters_in_scan": 0,
    "num_bloom_filters_in_scan": 0,
    "num_bloom_filters_in_scan": 0,
    "result": "correct",
    "time": 0.85719,
  },
  {
    "name": "benchmark/imdb_parachute/20a.benchmark",
    "iteration": 4,
    "num_bloom_filters_in_scan": 0,
    "num_bloom_filters_in_scan": 0,
    "num_bloom_filters_in_scan": 0,
    "num_bloom_filters_in_scan": 0,
    "num_bloom_filters_in_scan": 0,
    "num_bloom_filters_in_scan": 0,
    "num_bloom_filters_in_scan": 0,
    "num_bloom_filters_in_scan": 0,
    "num_bloom_filters_in_scan": 0,
    "num_bloom_filters_in_scan": 0,
    "result": "correct",
    "time": 0.853268,
  },
  {
    "name": "benchmark/imdb_parachute/20a.benchmark",
    "iteration": 5,
    "num_bloom_filters_in_scan": 0,
    "num_bloom_filters_in_scan": 0,
    "num_bloom_filters_in_scan": 0,
    "num_bloom_filters_in_scan": 0,
    "num_bloom_filters_in_scan": 0,
    "num_bloom_filters_in_scan": 0,
    "num_bloom_filters_in_scan": 0,
    "num_bloom_filters_in_scan": 0,
    "num_bloom_filters_in_scan": 0,
    "num_bloom_filters_in_scan": 0,
    "result": "correct",
    "time": 0.849898,
  },
  {
    "name": "benchmark/imdb_parachute/20b.benchmark",
    "iteration": 0,
    "num_bloom_filters_in_scan": 0,
    "num_bloom_filters_in_scan": 0,
    "num_bloom_filters_in_scan": 0,
    "num_bloom_filters_in_scan": 0,
    "num_bloom_filters_in_scan": 0,
    "num_bloom_filters_in_scan": 0,
    "num_bloom_filters_in_scan": 0,
    "num_bloom_filters_in_scan": 0,
    "num_bloom_filters_in_scan": 0,
    "num_bloom_filters_in_scan": 0,
  },
  {
    "name": "benchmark/imdb_parachute/20b.benchmark",
    "iteration": 1,
    "num_bloom_filters_in_scan": 0,
    "num_bloom_filters_in_scan": 0,
    "num_bloom_filters_in_scan": 0,
    "num_bloom_filters_in_scan": 0,
    "num_bloom_filters_in_scan": 0,
    "num_bloom_filters_in_scan": 0,
    "num_bloom_filters_in_scan": 0,
    "num_bloom_filters_in_scan": 0,
    "num_bloom_filters_in_scan": 0,
    "num_bloom_filters_in_scan": 0,
    "result": "correct",
    "time": 0.464411,
  },
  {
    "name": "benchmark/imdb_parachute/20b.benchmark",
    "iteration": 2,
    "num_bloom_filters_in_scan": 0,
    "num_bloom_filters_in_scan": 0,
    "num_bloom_filters_in_scan": 0,
    "num_bloom_filters_in_scan": 0,
    "num_bloom_filters_in_scan": 0,
    "num_bloom_filters_in_scan": 0,
    "num_bloom_filters_in_scan": 0,
    "num_bloom_filters_in_scan": 0,
    "num_bloom_filters_in_scan": 0,
    "num_bloom_filters_in_scan": 0,
    "result": "correct",
    "time": 0.463322,
  },
  {
    "name": "benchmark/imdb_parachute/20b.benchmark",
    "iteration": 3,
    "num_bloom_filters_in_scan": 0,
    "num_bloom_filters_in_scan": 0,
    "num_bloom_filters_in_scan": 0,
    "num_bloom_filters_in_scan": 0,
    "num_bloom_filters_in_scan": 0,
    "num_bloom_filters_in_scan": 0,
    "num_bloom_filters_in_scan": 0,
    "num_bloom_filters_in_scan": 0,
    "num_bloom_filters_in_scan": 0,
    "num_bloom_filters_in_scan": 0,
    "result": "correct",
    "time": 0.464397,
  },
  {
    "name": "benchmark/imdb_parachute/20b.benchmark",
    "iteration": 4,
    "num_bloom_filters_in_scan": 0,
    "num_bloom_filters_in_scan": 0,
    "num_bloom_filters_in_scan": 0,
    "num_bloom_filters_in_scan": 0,
    "num_bloom_filters_in_scan": 0,
    "num_bloom_filters_in_scan": 0,
    "num_bloom_filters_in_scan": 0,
    "num_bloom_filters_in_scan": 0,
    "num_bloom_filters_in_scan": 0,
    "num_bloom_filters_in_scan": 0,
    "result": "correct",
    "time": 0.467361,
  },
  {
    "name": "benchmark/imdb_parachute/20b.benchmark",
    "iteration": 5,
    "num_bloom_filters_in_scan": 0,
    "num_bloom_filters_in_scan": 0,
    "num_bloom_filters_in_scan": 0,
    "num_bloom_filters_in_scan": 0,
    "num_bloom_filters_in_scan": 0,
    "num_bloom_filters_in_scan": 0,
    "num_bloom_filters_in_scan": 0,
    "num_bloom_filters_in_scan": 0,
    "num_bloom_filters_in_scan": 0,
    "num_bloom_filters_in_scan": 0,
    "result": "correct",
    "time": 0.459014,
  },
  {
    "name": "benchmark/imdb_parachute/20c.benchmark",
    "iteration": 0,
    "num_bloom_filters_in_scan": 0,
    "num_bloom_filters_in_scan": 0,
    "num_bloom_filters_in_scan": 0,
    "num_bloom_filters_in_scan": 0,
    "num_bloom_filters_in_scan": 0,
    "num_bloom_filters_in_scan": 0,
    "num_bloom_filters_in_scan": 0,
    "num_bloom_filters_in_scan": 0,
    "num_bloom_filters_in_scan": 0,
    "num_bloom_filters_in_scan": 0,
  },
  {
    "name": "benchmark/imdb_parachute/20c.benchmark",
    "iteration": 1,
    "num_bloom_filters_in_scan": 0,
    "num_bloom_filters_in_scan": 0,
    "num_bloom_filters_in_scan": 0,
    "num_bloom_filters_in_scan": 0,
    "num_bloom_filters_in_scan": 0,
    "num_bloom_filters_in_scan": 0,
    "num_bloom_filters_in_scan": 0,
    "num_bloom_filters_in_scan": 0,
    "num_bloom_filters_in_scan": 0,
    "num_bloom_filters_in_scan": 0,
    "result": "correct",
    "time": 0.833902,
  },
  {
    "name": "benchmark/imdb_parachute/20c.benchmark",
    "iteration": 2,
    "num_bloom_filters_in_scan": 0,
    "num_bloom_filters_in_scan": 0,
    "num_bloom_filters_in_scan": 0,
    "num_bloom_filters_in_scan": 0,
    "num_bloom_filters_in_scan": 0,
    "num_bloom_filters_in_scan": 0,
    "num_bloom_filters_in_scan": 0,
    "num_bloom_filters_in_scan": 0,
    "num_bloom_filters_in_scan": 0,
    "num_bloom_filters_in_scan": 0,
    "result": "correct",
    "time": 0.82766,
  },
  {
    "name": "benchmark/imdb_parachute/20c.benchmark",
    "iteration": 3,
    "num_bloom_filters_in_scan": 0,
    "num_bloom_filters_in_scan": 0,
    "num_bloom_filters_in_scan": 0,
    "num_bloom_filters_in_scan": 0,
    "num_bloom_filters_in_scan": 0,
    "num_bloom_filters_in_scan": 0,
    "num_bloom_filters_in_scan": 0,
    "num_bloom_filters_in_scan": 0,
    "num_bloom_filters_in_scan": 0,
    "num_bloom_filters_in_scan": 0,
    "result": "correct",
    "time": 0.836874,
  },
  {
    "name": "benchmark/imdb_parachute/20c.benchmark",
    "iteration": 4,
    "num_bloom_filters_in_scan": 0,
    "num_bloom_filters_in_scan": 0,
    "num_bloom_filters_in_scan": 0,
    "num_bloom_filters_in_scan": 0,
    "num_bloom_filters_in_scan": 0,
    "num_bloom_filters_in_scan": 0,
    "num_bloom_filters_in_scan": 0,
    "num_bloom_filters_in_scan": 0,
    "num_bloom_filters_in_scan": 0,
    "num_bloom_filters_in_scan": 0,
    "result": "correct",
    "time": 0.830856,
  },
  {
    "name": "benchmark/imdb_parachute/20c.benchmark",
    "iteration": 5,
    "num_bloom_filters_in_scan": 0,
    "num_bloom_filters_in_scan": 0,
    "num_bloom_filters_in_scan": 0,
    "num_bloom_filters_in_scan": 0,
    "num_bloom_filters_in_scan": 0,
    "num_bloom_filters_in_scan": 0,
    "num_bloom_filters_in_scan": 0,
    "num_bloom_filters_in_scan": 0,
    "num_bloom_filters_in_scan": 0,
    "num_bloom_filters_in_scan": 0,
    "result": "correct",
    "time": 0.827038,
  },
  {
    "name": "benchmark/imdb_parachute/21a.benchmark",
    "iteration": 0,
    "num_bloom_filters_in_scan": 0,
    "num_bloom_filters_in_scan": 0,
    "num_bloom_filters_in_scan": 0,
    "num_bloom_filters_in_scan": 0,
    "num_bloom_filters_in_scan": 0,
    "num_bloom_filters_in_scan": 0,
    "num_bloom_filters_in_scan": 0,
    "num_bloom_filters_in_scan": 0,
    "num_bloom_filters_in_scan": 0,
  },
  {
    "name": "benchmark/imdb_parachute/21a.benchmark",
    "iteration": 1,
    "num_bloom_filters_in_scan": 0,
    "num_bloom_filters_in_scan": 0,
    "num_bloom_filters_in_scan": 0,
    "num_bloom_filters_in_scan": 0,
    "num_bloom_filters_in_scan": 0,
    "num_bloom_filters_in_scan": 0,
    "num_bloom_filters_in_scan": 0,
    "num_bloom_filters_in_scan": 0,
    "num_bloom_filters_in_scan": 0,
    "result": "correct",
    "time": 0.0769579,
  },
  {
    "name": "benchmark/imdb_parachute/21a.benchmark",
    "iteration": 2,
    "num_bloom_filters_in_scan": 0,
    "num_bloom_filters_in_scan": 0,
    "num_bloom_filters_in_scan": 0,
    "num_bloom_filters_in_scan": 0,
    "num_bloom_filters_in_scan": 0,
    "num_bloom_filters_in_scan": 0,
    "num_bloom_filters_in_scan": 0,
    "num_bloom_filters_in_scan": 0,
    "num_bloom_filters_in_scan": 0,
    "result": "correct",
    "time": 0.075368,
  },
  {
    "name": "benchmark/imdb_parachute/21a.benchmark",
    "iteration": 3,
    "num_bloom_filters_in_scan": 0,
    "num_bloom_filters_in_scan": 0,
    "num_bloom_filters_in_scan": 0,
    "num_bloom_filters_in_scan": 0,
    "num_bloom_filters_in_scan": 0,
    "num_bloom_filters_in_scan": 0,
    "num_bloom_filters_in_scan": 0,
    "num_bloom_filters_in_scan": 0,
    "num_bloom_filters_in_scan": 0,
    "result": "correct",
    "time": 0.0758949,
  },
  {
    "name": "benchmark/imdb_parachute/21a.benchmark",
    "iteration": 4,
    "num_bloom_filters_in_scan": 0,
    "num_bloom_filters_in_scan": 0,
    "num_bloom_filters_in_scan": 0,
    "num_bloom_filters_in_scan": 0,
    "num_bloom_filters_in_scan": 0,
    "num_bloom_filters_in_scan": 0,
    "num_bloom_filters_in_scan": 0,
    "num_bloom_filters_in_scan": 0,
    "num_bloom_filters_in_scan": 0,
    "result": "correct",
    "time": 0.0748819,
  },
  {
    "name": "benchmark/imdb_parachute/21a.benchmark",
    "iteration": 5,
    "num_bloom_filters_in_scan": 0,
    "num_bloom_filters_in_scan": 0,
    "num_bloom_filters_in_scan": 0,
    "num_bloom_filters_in_scan": 0,
    "num_bloom_filters_in_scan": 0,
    "num_bloom_filters_in_scan": 0,
    "num_bloom_filters_in_scan": 0,
    "num_bloom_filters_in_scan": 0,
    "num_bloom_filters_in_scan": 0,
    "result": "correct",
    "time": 0.0757033,
  },
  {
    "name": "benchmark/imdb_parachute/21b.benchmark",
    "iteration": 0,
    "num_bloom_filters_in_scan": 0,
    "num_bloom_filters_in_scan": 0,
    "num_bloom_filters_in_scan": 0,
    "num_bloom_filters_in_scan": 0,
    "num_bloom_filters_in_scan": 0,
    "num_bloom_filters_in_scan": 0,
    "num_bloom_filters_in_scan": 0,
    "num_bloom_filters_in_scan": 0,
    "num_bloom_filters_in_scan": 0,
  },
  {
    "name": "benchmark/imdb_parachute/21b.benchmark",
    "iteration": 1,
    "num_bloom_filters_in_scan": 0,
    "num_bloom_filters_in_scan": 0,
    "num_bloom_filters_in_scan": 0,
    "num_bloom_filters_in_scan": 0,
    "num_bloom_filters_in_scan": 0,
    "num_bloom_filters_in_scan": 0,
    "num_bloom_filters_in_scan": 0,
    "num_bloom_filters_in_scan": 0,
    "num_bloom_filters_in_scan": 0,
    "result": "correct",
    "time": 0.0546214,
  },
  {
    "name": "benchmark/imdb_parachute/21b.benchmark",
    "iteration": 2,
    "num_bloom_filters_in_scan": 0,
    "num_bloom_filters_in_scan": 0,
    "num_bloom_filters_in_scan": 0,
    "num_bloom_filters_in_scan": 0,
    "num_bloom_filters_in_scan": 0,
    "num_bloom_filters_in_scan": 0,
    "num_bloom_filters_in_scan": 0,
    "num_bloom_filters_in_scan": 0,
    "num_bloom_filters_in_scan": 0,
    "result": "correct",
    "time": 0.0546405,
  },
  {
    "name": "benchmark/imdb_parachute/21b.benchmark",
    "iteration": 3,
    "num_bloom_filters_in_scan": 0,
    "num_bloom_filters_in_scan": 0,
    "num_bloom_filters_in_scan": 0,
    "num_bloom_filters_in_scan": 0,
    "num_bloom_filters_in_scan": 0,
    "num_bloom_filters_in_scan": 0,
    "num_bloom_filters_in_scan": 0,
    "num_bloom_filters_in_scan": 0,
    "num_bloom_filters_in_scan": 0,
    "result": "correct",
    "time": 0.0546197,
  },
  {
    "name": "benchmark/imdb_parachute/21b.benchmark",
    "iteration": 4,
    "num_bloom_filters_in_scan": 0,
    "num_bloom_filters_in_scan": 0,
    "num_bloom_filters_in_scan": 0,
    "num_bloom_filters_in_scan": 0,
    "num_bloom_filters_in_scan": 0,
    "num_bloom_filters_in_scan": 0,
    "num_bloom_filters_in_scan": 0,
    "num_bloom_filters_in_scan": 0,
    "num_bloom_filters_in_scan": 0,
    "result": "correct",
    "time": 0.0533096,
  },
  {
    "name": "benchmark/imdb_parachute/21b.benchmark",
    "iteration": 5,
    "num_bloom_filters_in_scan": 0,
    "num_bloom_filters_in_scan": 0,
    "num_bloom_filters_in_scan": 0,
    "num_bloom_filters_in_scan": 0,
    "num_bloom_filters_in_scan": 0,
    "num_bloom_filters_in_scan": 0,
    "num_bloom_filters_in_scan": 0,
    "num_bloom_filters_in_scan": 0,
    "num_bloom_filters_in_scan": 0,
    "result": "correct",
    "time": 0.0538979,
  },
  {
    "name": "benchmark/imdb_parachute/21c.benchmark",
    "iteration": 0,
    "num_bloom_filters_in_scan": 0,
    "num_bloom_filters_in_scan": 0,
    "num_bloom_filters_in_scan": 0,
    "num_bloom_filters_in_scan": 0,
    "num_bloom_filters_in_scan": 0,
    "num_bloom_filters_in_scan": 0,
    "num_bloom_filters_in_scan": 0,
    "num_bloom_filters_in_scan": 0,
    "num_bloom_filters_in_scan": 0,
  },
  {
    "name": "benchmark/imdb_parachute/21c.benchmark",
    "iteration": 1,
    "num_bloom_filters_in_scan": 0,
    "num_bloom_filters_in_scan": 0,
    "num_bloom_filters_in_scan": 0,
    "num_bloom_filters_in_scan": 0,
    "num_bloom_filters_in_scan": 0,
    "num_bloom_filters_in_scan": 0,
    "num_bloom_filters_in_scan": 0,
    "num_bloom_filters_in_scan": 0,
    "num_bloom_filters_in_scan": 0,
    "result": "correct",
    "time": 0.07845,
  },
  {
    "name": "benchmark/imdb_parachute/21c.benchmark",
    "iteration": 2,
    "num_bloom_filters_in_scan": 0,
    "num_bloom_filters_in_scan": 0,
    "num_bloom_filters_in_scan": 0,
    "num_bloom_filters_in_scan": 0,
    "num_bloom_filters_in_scan": 0,
    "num_bloom_filters_in_scan": 0,
    "num_bloom_filters_in_scan": 0,
    "num_bloom_filters_in_scan": 0,
    "num_bloom_filters_in_scan": 0,
    "result": "correct",
    "time": 0.0780806,
  },
  {
    "name": "benchmark/imdb_parachute/21c.benchmark",
    "iteration": 3,
    "num_bloom_filters_in_scan": 0,
    "num_bloom_filters_in_scan": 0,
    "num_bloom_filters_in_scan": 0,
    "num_bloom_filters_in_scan": 0,
    "num_bloom_filters_in_scan": 0,
    "num_bloom_filters_in_scan": 0,
    "num_bloom_filters_in_scan": 0,
    "num_bloom_filters_in_scan": 0,
    "num_bloom_filters_in_scan": 0,
    "result": "correct",
    "time": 0.0767751,
  },
  {
    "name": "benchmark/imdb_parachute/21c.benchmark",
    "iteration": 4,
    "num_bloom_filters_in_scan": 0,
    "num_bloom_filters_in_scan": 0,
    "num_bloom_filters_in_scan": 0,
    "num_bloom_filters_in_scan": 0,
    "num_bloom_filters_in_scan": 0,
    "num_bloom_filters_in_scan": 0,
    "num_bloom_filters_in_scan": 0,
    "num_bloom_filters_in_scan": 0,
    "num_bloom_filters_in_scan": 0,
    "result": "correct",
    "time": 0.0734384,
  },
  {
    "name": "benchmark/imdb_parachute/21c.benchmark",
    "iteration": 5,
    "num_bloom_filters_in_scan": 0,
    "num_bloom_filters_in_scan": 0,
    "num_bloom_filters_in_scan": 0,
    "num_bloom_filters_in_scan": 0,
    "num_bloom_filters_in_scan": 0,
    "num_bloom_filters_in_scan": 0,
    "num_bloom_filters_in_scan": 0,
    "num_bloom_filters_in_scan": 0,
    "num_bloom_filters_in_scan": 0,
    "result": "correct",
    "time": 0.0741048,
  },
  {
    "name": "benchmark/imdb_parachute/22a.benchmark",
    "iteration": 0,
    "num_bloom_filters_in_scan": 0,
    "num_bloom_filters_in_scan": 0,
    "num_bloom_filters_in_scan": 0,
    "num_bloom_filters_in_scan": 0,
    "num_bloom_filters_in_scan": 0,
    "num_bloom_filters_in_scan": 0,
    "num_bloom_filters_in_scan": 0,
    "num_bloom_filters_in_scan": 0,
    "num_bloom_filters_in_scan": 0,
    "num_bloom_filters_in_scan": 0,
    "num_bloom_filters_in_scan": 0,
  },
  {
    "name": "benchmark/imdb_parachute/22a.benchmark",
    "iteration": 1,
    "num_bloom_filters_in_scan": 0,
    "num_bloom_filters_in_scan": 0,
    "num_bloom_filters_in_scan": 0,
    "num_bloom_filters_in_scan": 0,
    "num_bloom_filters_in_scan": 0,
    "num_bloom_filters_in_scan": 0,
    "num_bloom_filters_in_scan": 0,
    "num_bloom_filters_in_scan": 0,
    "num_bloom_filters_in_scan": 0,
    "num_bloom_filters_in_scan": 0,
    "num_bloom_filters_in_scan": 0,
    "result": "correct",
    "time": 0.400132,
  },
  {
    "name": "benchmark/imdb_parachute/22a.benchmark",
    "iteration": 2,
    "num_bloom_filters_in_scan": 0,
    "num_bloom_filters_in_scan": 0,
    "num_bloom_filters_in_scan": 0,
    "num_bloom_filters_in_scan": 0,
    "num_bloom_filters_in_scan": 0,
    "num_bloom_filters_in_scan": 0,
    "num_bloom_filters_in_scan": 0,
    "num_bloom_filters_in_scan": 0,
    "num_bloom_filters_in_scan": 0,
    "num_bloom_filters_in_scan": 0,
    "num_bloom_filters_in_scan": 0,
    "result": "correct",
    "time": 0.400931,
  },
  {
    "name": "benchmark/imdb_parachute/22a.benchmark",
    "iteration": 3,
    "num_bloom_filters_in_scan": 0,
    "num_bloom_filters_in_scan": 0,
    "num_bloom_filters_in_scan": 0,
    "num_bloom_filters_in_scan": 0,
    "num_bloom_filters_in_scan": 0,
    "num_bloom_filters_in_scan": 0,
    "num_bloom_filters_in_scan": 0,
    "num_bloom_filters_in_scan": 0,
    "num_bloom_filters_in_scan": 0,
    "num_bloom_filters_in_scan": 0,
    "num_bloom_filters_in_scan": 0,
    "result": "correct",
    "time": 0.396056,
  },
  {
    "name": "benchmark/imdb_parachute/22a.benchmark",
    "iteration": 4,
    "num_bloom_filters_in_scan": 0,
    "num_bloom_filters_in_scan": 0,
    "num_bloom_filters_in_scan": 0,
    "num_bloom_filters_in_scan": 0,
    "num_bloom_filters_in_scan": 0,
    "num_bloom_filters_in_scan": 0,
    "num_bloom_filters_in_scan": 0,
    "num_bloom_filters_in_scan": 0,
    "num_bloom_filters_in_scan": 0,
    "num_bloom_filters_in_scan": 0,
    "num_bloom_filters_in_scan": 0,
    "result": "correct",
    "time": 0.386295,
  },
  {
    "name": "benchmark/imdb_parachute/22a.benchmark",
    "iteration": 5,
    "num_bloom_filters_in_scan": 0,
    "num_bloom_filters_in_scan": 0,
    "num_bloom_filters_in_scan": 0,
    "num_bloom_filters_in_scan": 0,
    "num_bloom_filters_in_scan": 0,
    "num_bloom_filters_in_scan": 0,
    "num_bloom_filters_in_scan": 0,
    "num_bloom_filters_in_scan": 0,
    "num_bloom_filters_in_scan": 0,
    "num_bloom_filters_in_scan": 0,
    "num_bloom_filters_in_scan": 0,
    "result": "correct",
    "time": 0.389934,
  },
  {
    "name": "benchmark/imdb_parachute/22b.benchmark",
    "iteration": 0,
    "num_bloom_filters_in_scan": 0,
    "num_bloom_filters_in_scan": 0,
    "num_bloom_filters_in_scan": 0,
    "num_bloom_filters_in_scan": 0,
    "num_bloom_filters_in_scan": 0,
    "num_bloom_filters_in_scan": 0,
    "num_bloom_filters_in_scan": 0,
    "num_bloom_filters_in_scan": 0,
    "num_bloom_filters_in_scan": 0,
    "num_bloom_filters_in_scan": 0,
    "num_bloom_filters_in_scan": 0,
  },
  {
    "name": "benchmark/imdb_parachute/22b.benchmark",
    "iteration": 1,
    "num_bloom_filters_in_scan": 0,
    "num_bloom_filters_in_scan": 0,
    "num_bloom_filters_in_scan": 0,
    "num_bloom_filters_in_scan": 0,
    "num_bloom_filters_in_scan": 0,
    "num_bloom_filters_in_scan": 0,
    "num_bloom_filters_in_scan": 0,
    "num_bloom_filters_in_scan": 0,
    "num_bloom_filters_in_scan": 0,
    "num_bloom_filters_in_scan": 0,
    "num_bloom_filters_in_scan": 0,
    "result": "correct",
    "time": 0.280861,
  },
  {
    "name": "benchmark/imdb_parachute/22b.benchmark",
    "iteration": 2,
    "num_bloom_filters_in_scan": 0,
    "num_bloom_filters_in_scan": 0,
    "num_bloom_filters_in_scan": 0,
    "num_bloom_filters_in_scan": 0,
    "num_bloom_filters_in_scan": 0,
    "num_bloom_filters_in_scan": 0,
    "num_bloom_filters_in_scan": 0,
    "num_bloom_filters_in_scan": 0,
    "num_bloom_filters_in_scan": 0,
    "num_bloom_filters_in_scan": 0,
    "num_bloom_filters_in_scan": 0,
    "result": "correct",
    "time": 0.28346,
  },
  {
    "name": "benchmark/imdb_parachute/22b.benchmark",
    "iteration": 3,
    "num_bloom_filters_in_scan": 0,
    "num_bloom_filters_in_scan": 0,
    "num_bloom_filters_in_scan": 0,
    "num_bloom_filters_in_scan": 0,
    "num_bloom_filters_in_scan": 0,
    "num_bloom_filters_in_scan": 0,
    "num_bloom_filters_in_scan": 0,
    "num_bloom_filters_in_scan": 0,
    "num_bloom_filters_in_scan": 0,
    "num_bloom_filters_in_scan": 0,
    "num_bloom_filters_in_scan": 0,
    "result": "correct",
    "time": 0.282648,
  },
  {
    "name": "benchmark/imdb_parachute/22b.benchmark",
    "iteration": 4,
    "num_bloom_filters_in_scan": 0,
    "num_bloom_filters_in_scan": 0,
    "num_bloom_filters_in_scan": 0,
    "num_bloom_filters_in_scan": 0,
    "num_bloom_filters_in_scan": 0,
    "num_bloom_filters_in_scan": 0,
    "num_bloom_filters_in_scan": 0,
    "num_bloom_filters_in_scan": 0,
    "num_bloom_filters_in_scan": 0,
    "num_bloom_filters_in_scan": 0,
    "num_bloom_filters_in_scan": 0,
    "result": "correct",
    "time": 0.279843,
  },
  {
    "name": "benchmark/imdb_parachute/22b.benchmark",
    "iteration": 5,
    "num_bloom_filters_in_scan": 0,
    "num_bloom_filters_in_scan": 0,
    "num_bloom_filters_in_scan": 0,
    "num_bloom_filters_in_scan": 0,
    "num_bloom_filters_in_scan": 0,
    "num_bloom_filters_in_scan": 0,
    "num_bloom_filters_in_scan": 0,
    "num_bloom_filters_in_scan": 0,
    "num_bloom_filters_in_scan": 0,
    "num_bloom_filters_in_scan": 0,
    "num_bloom_filters_in_scan": 0,
    "result": "correct",
    "time": 0.275094,
  },
  {
    "name": "benchmark/imdb_parachute/22c.benchmark",
    "iteration": 0,
    "num_bloom_filters_in_scan": 0,
    "num_bloom_filters_in_scan": 0,
    "num_bloom_filters_in_scan": 0,
    "num_bloom_filters_in_scan": 0,
    "num_bloom_filters_in_scan": 0,
    "num_bloom_filters_in_scan": 0,
    "num_bloom_filters_in_scan": 0,
    "num_bloom_filters_in_scan": 0,
    "num_bloom_filters_in_scan": 0,
    "num_bloom_filters_in_scan": 0,
    "num_bloom_filters_in_scan": 0,
  },
  {
    "name": "benchmark/imdb_parachute/22c.benchmark",
    "iteration": 1,
    "num_bloom_filters_in_scan": 0,
    "num_bloom_filters_in_scan": 0,
    "num_bloom_filters_in_scan": 0,
    "num_bloom_filters_in_scan": 0,
    "num_bloom_filters_in_scan": 0,
    "num_bloom_filters_in_scan": 0,
    "num_bloom_filters_in_scan": 0,
    "num_bloom_filters_in_scan": 0,
    "num_bloom_filters_in_scan": 0,
    "num_bloom_filters_in_scan": 0,
    "num_bloom_filters_in_scan": 0,
    "result": "correct",
    "time": 0.774798,
  },
  {
    "name": "benchmark/imdb_parachute/22c.benchmark",
    "iteration": 2,
    "num_bloom_filters_in_scan": 0,
    "num_bloom_filters_in_scan": 0,
    "num_bloom_filters_in_scan": 0,
    "num_bloom_filters_in_scan": 0,
    "num_bloom_filters_in_scan": 0,
    "num_bloom_filters_in_scan": 0,
    "num_bloom_filters_in_scan": 0,
    "num_bloom_filters_in_scan": 0,
    "num_bloom_filters_in_scan": 0,
    "num_bloom_filters_in_scan": 0,
    "num_bloom_filters_in_scan": 0,
    "result": "correct",
    "time": 0.780211,
  },
  {
    "name": "benchmark/imdb_parachute/22c.benchmark",
    "iteration": 3,
    "num_bloom_filters_in_scan": 0,
    "num_bloom_filters_in_scan": 0,
    "num_bloom_filters_in_scan": 0,
    "num_bloom_filters_in_scan": 0,
    "num_bloom_filters_in_scan": 0,
    "num_bloom_filters_in_scan": 0,
    "num_bloom_filters_in_scan": 0,
    "num_bloom_filters_in_scan": 0,
    "num_bloom_filters_in_scan": 0,
    "num_bloom_filters_in_scan": 0,
    "num_bloom_filters_in_scan": 0,
    "result": "correct",
    "time": 0.77073,
  },
  {
    "name": "benchmark/imdb_parachute/22c.benchmark",
    "iteration": 4,
    "num_bloom_filters_in_scan": 0,
    "num_bloom_filters_in_scan": 0,
    "num_bloom_filters_in_scan": 0,
    "num_bloom_filters_in_scan": 0,
    "num_bloom_filters_in_scan": 0,
    "num_bloom_filters_in_scan": 0,
    "num_bloom_filters_in_scan": 0,
    "num_bloom_filters_in_scan": 0,
    "num_bloom_filters_in_scan": 0,
    "num_bloom_filters_in_scan": 0,
    "num_bloom_filters_in_scan": 0,
    "result": "correct",
    "time": 0.780162,
  },
  {
    "name": "benchmark/imdb_parachute/22c.benchmark",
    "iteration": 5,
    "num_bloom_filters_in_scan": 0,
    "num_bloom_filters_in_scan": 0,
    "num_bloom_filters_in_scan": 0,
    "num_bloom_filters_in_scan": 0,
    "num_bloom_filters_in_scan": 0,
    "num_bloom_filters_in_scan": 0,
    "num_bloom_filters_in_scan": 0,
    "num_bloom_filters_in_scan": 0,
    "num_bloom_filters_in_scan": 0,
    "num_bloom_filters_in_scan": 0,
    "num_bloom_filters_in_scan": 0,
    "result": "correct",
    "time": 0.775074,
  },
  {
    "name": "benchmark/imdb_parachute/22d.benchmark",
    "iteration": 0,
    "num_bloom_filters_in_scan": 0,
    "num_bloom_filters_in_scan": 0,
    "num_bloom_filters_in_scan": 0,
    "num_bloom_filters_in_scan": 0,
    "num_bloom_filters_in_scan": 0,
    "num_bloom_filters_in_scan": 0,
    "num_bloom_filters_in_scan": 0,
    "num_bloom_filters_in_scan": 0,
    "num_bloom_filters_in_scan": 0,
    "num_bloom_filters_in_scan": 0,
    "num_bloom_filters_in_scan": 0,
  },
  {
    "name": "benchmark/imdb_parachute/22d.benchmark",
    "iteration": 1,
    "num_bloom_filters_in_scan": 0,
    "num_bloom_filters_in_scan": 0,
    "num_bloom_filters_in_scan": 0,
    "num_bloom_filters_in_scan": 0,
    "num_bloom_filters_in_scan": 0,
    "num_bloom_filters_in_scan": 0,
    "num_bloom_filters_in_scan": 0,
    "num_bloom_filters_in_scan": 0,
    "num_bloom_filters_in_scan": 0,
    "num_bloom_filters_in_scan": 0,
    "num_bloom_filters_in_scan": 0,
    "result": "correct",
    "time": 1.04196,
  },
  {
    "name": "benchmark/imdb_parachute/22d.benchmark",
    "iteration": 2,
    "num_bloom_filters_in_scan": 0,
    "num_bloom_filters_in_scan": 0,
    "num_bloom_filters_in_scan": 0,
    "num_bloom_filters_in_scan": 0,
    "num_bloom_filters_in_scan": 0,
    "num_bloom_filters_in_scan": 0,
    "num_bloom_filters_in_scan": 0,
    "num_bloom_filters_in_scan": 0,
    "num_bloom_filters_in_scan": 0,
    "num_bloom_filters_in_scan": 0,
    "num_bloom_filters_in_scan": 0,
    "result": "correct",
    "time": 1.08568,
  },
  {
    "name": "benchmark/imdb_parachute/22d.benchmark",
    "iteration": 3,
    "num_bloom_filters_in_scan": 0,
    "num_bloom_filters_in_scan": 0,
    "num_bloom_filters_in_scan": 0,
    "num_bloom_filters_in_scan": 0,
    "num_bloom_filters_in_scan": 0,
    "num_bloom_filters_in_scan": 0,
    "num_bloom_filters_in_scan": 0,
    "num_bloom_filters_in_scan": 0,
    "num_bloom_filters_in_scan": 0,
    "num_bloom_filters_in_scan": 0,
    "num_bloom_filters_in_scan": 0,
    "result": "correct",
    "time": 1.05491,
  },
  {
    "name": "benchmark/imdb_parachute/22d.benchmark",
    "iteration": 4,
    "num_bloom_filters_in_scan": 0,
    "num_bloom_filters_in_scan": 0,
    "num_bloom_filters_in_scan": 0,
    "num_bloom_filters_in_scan": 0,
    "num_bloom_filters_in_scan": 0,
    "num_bloom_filters_in_scan": 0,
    "num_bloom_filters_in_scan": 0,
    "num_bloom_filters_in_scan": 0,
    "num_bloom_filters_in_scan": 0,
    "num_bloom_filters_in_scan": 0,
    "num_bloom_filters_in_scan": 0,
    "result": "correct",
    "time": 1.1077,
  },
  {
    "name": "benchmark/imdb_parachute/22d.benchmark",
    "iteration": 5,
    "num_bloom_filters_in_scan": 0,
    "num_bloom_filters_in_scan": 0,
    "num_bloom_filters_in_scan": 0,
    "num_bloom_filters_in_scan": 0,
    "num_bloom_filters_in_scan": 0,
    "num_bloom_filters_in_scan": 0,
    "num_bloom_filters_in_scan": 0,
    "num_bloom_filters_in_scan": 0,
    "num_bloom_filters_in_scan": 0,
    "num_bloom_filters_in_scan": 0,
    "num_bloom_filters_in_scan": 0,
    "result": "correct",
    "time": 1.05911,
  },
  {
    "name": "benchmark/imdb_parachute/23a.benchmark",
    "iteration": 0,
    "num_bloom_filters_in_scan": 0,
    "num_bloom_filters_in_scan": 0,
    "num_bloom_filters_in_scan": 0,
    "num_bloom_filters_in_scan": 0,
    "num_bloom_filters_in_scan": 0,
    "num_bloom_filters_in_scan": 0,
    "num_bloom_filters_in_scan": 0,
    "num_bloom_filters_in_scan": 0,
    "num_bloom_filters_in_scan": 0,
    "num_bloom_filters_in_scan": 0,
    "num_bloom_filters_in_scan": 0,
  },
  {
    "name": "benchmark/imdb_parachute/23a.benchmark",
    "iteration": 1,
    "num_bloom_filters_in_scan": 0,
    "num_bloom_filters_in_scan": 0,
    "num_bloom_filters_in_scan": 0,
    "num_bloom_filters_in_scan": 0,
    "num_bloom_filters_in_scan": 0,
    "num_bloom_filters_in_scan": 0,
    "num_bloom_filters_in_scan": 0,
    "num_bloom_filters_in_scan": 0,
    "num_bloom_filters_in_scan": 0,
    "num_bloom_filters_in_scan": 0,
    "num_bloom_filters_in_scan": 0,
    "result": "correct",
    "time": 0.354639,
  },
  {
    "name": "benchmark/imdb_parachute/23a.benchmark",
    "iteration": 2,
    "num_bloom_filters_in_scan": 0,
    "num_bloom_filters_in_scan": 0,
    "num_bloom_filters_in_scan": 0,
    "num_bloom_filters_in_scan": 0,
    "num_bloom_filters_in_scan": 0,
    "num_bloom_filters_in_scan": 0,
    "num_bloom_filters_in_scan": 0,
    "num_bloom_filters_in_scan": 0,
    "num_bloom_filters_in_scan": 0,
    "num_bloom_filters_in_scan": 0,
    "num_bloom_filters_in_scan": 0,
    "result": "correct",
    "time": 0.35484,
  },
  {
    "name": "benchmark/imdb_parachute/23a.benchmark",
    "iteration": 3,
    "num_bloom_filters_in_scan": 0,
    "num_bloom_filters_in_scan": 0,
    "num_bloom_filters_in_scan": 0,
    "num_bloom_filters_in_scan": 0,
    "num_bloom_filters_in_scan": 0,
    "num_bloom_filters_in_scan": 0,
    "num_bloom_filters_in_scan": 0,
    "num_bloom_filters_in_scan": 0,
    "num_bloom_filters_in_scan": 0,
    "num_bloom_filters_in_scan": 0,
    "num_bloom_filters_in_scan": 0,
    "result": "correct",
    "time": 0.355142,
  },
  {
    "name": "benchmark/imdb_parachute/23a.benchmark",
    "iteration": 4,
    "num_bloom_filters_in_scan": 0,
    "num_bloom_filters_in_scan": 0,
    "num_bloom_filters_in_scan": 0,
    "num_bloom_filters_in_scan": 0,
    "num_bloom_filters_in_scan": 0,
    "num_bloom_filters_in_scan": 0,
    "num_bloom_filters_in_scan": 0,
    "num_bloom_filters_in_scan": 0,
    "num_bloom_filters_in_scan": 0,
    "num_bloom_filters_in_scan": 0,
    "num_bloom_filters_in_scan": 0,
    "result": "correct",
    "time": 0.355451,
  },
  {
    "name": "benchmark/imdb_parachute/23a.benchmark",
    "iteration": 5,
    "num_bloom_filters_in_scan": 0,
    "num_bloom_filters_in_scan": 0,
    "num_bloom_filters_in_scan": 0,
    "num_bloom_filters_in_scan": 0,
    "num_bloom_filters_in_scan": 0,
    "num_bloom_filters_in_scan": 0,
    "num_bloom_filters_in_scan": 0,
    "num_bloom_filters_in_scan": 0,
    "num_bloom_filters_in_scan": 0,
    "num_bloom_filters_in_scan": 0,
    "num_bloom_filters_in_scan": 0,
    "result": "correct",
    "time": 0.35462,
  },
  {
    "name": "benchmark/imdb_parachute/23b.benchmark",
    "iteration": 0,
    "num_bloom_filters_in_scan": 0,
    "num_bloom_filters_in_scan": 0,
    "num_bloom_filters_in_scan": 0,
    "num_bloom_filters_in_scan": 0,
    "num_bloom_filters_in_scan": 0,
    "num_bloom_filters_in_scan": 0,
    "num_bloom_filters_in_scan": 0,
    "num_bloom_filters_in_scan": 0,
    "num_bloom_filters_in_scan": 0,
    "num_bloom_filters_in_scan": 0,
    "num_bloom_filters_in_scan": 0,
  },
  {
    "name": "benchmark/imdb_parachute/23b.benchmark",
    "iteration": 1,
    "num_bloom_filters_in_scan": 0,
    "num_bloom_filters_in_scan": 0,
    "num_bloom_filters_in_scan": 0,
    "num_bloom_filters_in_scan": 0,
    "num_bloom_filters_in_scan": 0,
    "num_bloom_filters_in_scan": 0,
    "num_bloom_filters_in_scan": 0,
    "num_bloom_filters_in_scan": 0,
    "num_bloom_filters_in_scan": 0,
    "num_bloom_filters_in_scan": 0,
    "num_bloom_filters_in_scan": 0,
    "result": "correct",
    "time": 0.269347,
  },
  {
    "name": "benchmark/imdb_parachute/23b.benchmark",
    "iteration": 2,
    "num_bloom_filters_in_scan": 0,
    "num_bloom_filters_in_scan": 0,
    "num_bloom_filters_in_scan": 0,
    "num_bloom_filters_in_scan": 0,
    "num_bloom_filters_in_scan": 0,
    "num_bloom_filters_in_scan": 0,
    "num_bloom_filters_in_scan": 0,
    "num_bloom_filters_in_scan": 0,
    "num_bloom_filters_in_scan": 0,
    "num_bloom_filters_in_scan": 0,
    "num_bloom_filters_in_scan": 0,
    "result": "correct",
    "time": 0.27005,
  },
  {
    "name": "benchmark/imdb_parachute/23b.benchmark",
    "iteration": 3,
    "num_bloom_filters_in_scan": 0,
    "num_bloom_filters_in_scan": 0,
    "num_bloom_filters_in_scan": 0,
    "num_bloom_filters_in_scan": 0,
    "num_bloom_filters_in_scan": 0,
    "num_bloom_filters_in_scan": 0,
    "num_bloom_filters_in_scan": 0,
    "num_bloom_filters_in_scan": 0,
    "num_bloom_filters_in_scan": 0,
    "num_bloom_filters_in_scan": 0,
    "num_bloom_filters_in_scan": 0,
    "result": "correct",
    "time": 0.270091,
  },
  {
    "name": "benchmark/imdb_parachute/23b.benchmark",
    "iteration": 4,
    "num_bloom_filters_in_scan": 0,
    "num_bloom_filters_in_scan": 0,
    "num_bloom_filters_in_scan": 0,
    "num_bloom_filters_in_scan": 0,
    "num_bloom_filters_in_scan": 0,
    "num_bloom_filters_in_scan": 0,
    "num_bloom_filters_in_scan": 0,
    "num_bloom_filters_in_scan": 0,
    "num_bloom_filters_in_scan": 0,
    "num_bloom_filters_in_scan": 0,
    "num_bloom_filters_in_scan": 0,
    "result": "correct",
    "time": 0.270615,
  },
  {
    "name": "benchmark/imdb_parachute/23b.benchmark",
    "iteration": 5,
    "num_bloom_filters_in_scan": 0,
    "num_bloom_filters_in_scan": 0,
    "num_bloom_filters_in_scan": 0,
    "num_bloom_filters_in_scan": 0,
    "num_bloom_filters_in_scan": 0,
    "num_bloom_filters_in_scan": 0,
    "num_bloom_filters_in_scan": 0,
    "num_bloom_filters_in_scan": 0,
    "num_bloom_filters_in_scan": 0,
    "num_bloom_filters_in_scan": 0,
    "num_bloom_filters_in_scan": 0,
    "result": "correct",
    "time": 0.269635,
  },
  {
    "name": "benchmark/imdb_parachute/23c.benchmark",
    "iteration": 0,
    "num_bloom_filters_in_scan": 0,
    "num_bloom_filters_in_scan": 0,
    "num_bloom_filters_in_scan": 0,
    "num_bloom_filters_in_scan": 0,
    "num_bloom_filters_in_scan": 0,
    "num_bloom_filters_in_scan": 0,
    "num_bloom_filters_in_scan": 0,
    "num_bloom_filters_in_scan": 0,
    "num_bloom_filters_in_scan": 0,
    "num_bloom_filters_in_scan": 0,
    "num_bloom_filters_in_scan": 0,
  },
  {
    "name": "benchmark/imdb_parachute/23c.benchmark",
    "iteration": 1,
    "num_bloom_filters_in_scan": 0,
    "num_bloom_filters_in_scan": 0,
    "num_bloom_filters_in_scan": 0,
    "num_bloom_filters_in_scan": 0,
    "num_bloom_filters_in_scan": 0,
    "num_bloom_filters_in_scan": 0,
    "num_bloom_filters_in_scan": 0,
    "num_bloom_filters_in_scan": 0,
    "num_bloom_filters_in_scan": 0,
    "num_bloom_filters_in_scan": 0,
    "num_bloom_filters_in_scan": 0,
    "result": "correct",
    "time": 0.389559,
  },
  {
    "name": "benchmark/imdb_parachute/23c.benchmark",
    "iteration": 2,
    "num_bloom_filters_in_scan": 0,
    "num_bloom_filters_in_scan": 0,
    "num_bloom_filters_in_scan": 0,
    "num_bloom_filters_in_scan": 0,
    "num_bloom_filters_in_scan": 0,
    "num_bloom_filters_in_scan": 0,
    "num_bloom_filters_in_scan": 0,
    "num_bloom_filters_in_scan": 0,
    "num_bloom_filters_in_scan": 0,
    "num_bloom_filters_in_scan": 0,
    "num_bloom_filters_in_scan": 0,
    "result": "correct",
    "time": 0.386201,
  },
  {
    "name": "benchmark/imdb_parachute/23c.benchmark",
    "iteration": 3,
    "num_bloom_filters_in_scan": 0,
    "num_bloom_filters_in_scan": 0,
    "num_bloom_filters_in_scan": 0,
    "num_bloom_filters_in_scan": 0,
    "num_bloom_filters_in_scan": 0,
    "num_bloom_filters_in_scan": 0,
    "num_bloom_filters_in_scan": 0,
    "num_bloom_filters_in_scan": 0,
    "num_bloom_filters_in_scan": 0,
    "num_bloom_filters_in_scan": 0,
    "num_bloom_filters_in_scan": 0,
    "result": "correct",
    "time": 0.385076,
  },
  {
    "name": "benchmark/imdb_parachute/23c.benchmark",
    "iteration": 4,
    "num_bloom_filters_in_scan": 0,
    "num_bloom_filters_in_scan": 0,
    "num_bloom_filters_in_scan": 0,
    "num_bloom_filters_in_scan": 0,
    "num_bloom_filters_in_scan": 0,
    "num_bloom_filters_in_scan": 0,
    "num_bloom_filters_in_scan": 0,
    "num_bloom_filters_in_scan": 0,
    "num_bloom_filters_in_scan": 0,
    "num_bloom_filters_in_scan": 0,
    "num_bloom_filters_in_scan": 0,
    "result": "correct",
    "time": 0.387529,
  },
  {
    "name": "benchmark/imdb_parachute/23c.benchmark",
    "iteration": 5,
    "num_bloom_filters_in_scan": 0,
    "num_bloom_filters_in_scan": 0,
    "num_bloom_filters_in_scan": 0,
    "num_bloom_filters_in_scan": 0,
    "num_bloom_filters_in_scan": 0,
    "num_bloom_filters_in_scan": 0,
    "num_bloom_filters_in_scan": 0,
    "num_bloom_filters_in_scan": 0,
    "num_bloom_filters_in_scan": 0,
    "num_bloom_filters_in_scan": 0,
    "num_bloom_filters_in_scan": 0,
    "result": "correct",
    "time": 0.393115,
  },
  {
    "name": "benchmark/imdb_parachute/24a.benchmark",
    "iteration": 0,
    "num_bloom_filters_in_scan": 0,
    "num_bloom_filters_in_scan": 0,
    "num_bloom_filters_in_scan": 0,
    "num_bloom_filters_in_scan": 0,
    "num_bloom_filters_in_scan": 0,
    "num_bloom_filters_in_scan": 0,
    "num_bloom_filters_in_scan": 0,
    "num_bloom_filters_in_scan": 0,
    "num_bloom_filters_in_scan": 0,
    "num_bloom_filters_in_scan": 0,
    "num_bloom_filters_in_scan": 0,
    "num_bloom_filters_in_scan": 0,
  },
  {
    "name": "benchmark/imdb_parachute/24a.benchmark",
    "iteration": 1,
    "num_bloom_filters_in_scan": 0,
    "num_bloom_filters_in_scan": 0,
    "num_bloom_filters_in_scan": 0,
    "num_bloom_filters_in_scan": 0,
    "num_bloom_filters_in_scan": 0,
    "num_bloom_filters_in_scan": 0,
    "num_bloom_filters_in_scan": 0,
    "num_bloom_filters_in_scan": 0,
    "num_bloom_filters_in_scan": 0,
    "num_bloom_filters_in_scan": 0,
    "num_bloom_filters_in_scan": 0,
    "num_bloom_filters_in_scan": 0,
    "result": "correct",
    "time": 0.763502,
  },
  {
    "name": "benchmark/imdb_parachute/24a.benchmark",
    "iteration": 2,
    "num_bloom_filters_in_scan": 0,
    "num_bloom_filters_in_scan": 0,
    "num_bloom_filters_in_scan": 0,
    "num_bloom_filters_in_scan": 0,
    "num_bloom_filters_in_scan": 0,
    "num_bloom_filters_in_scan": 0,
    "num_bloom_filters_in_scan": 0,
    "num_bloom_filters_in_scan": 0,
    "num_bloom_filters_in_scan": 0,
    "num_bloom_filters_in_scan": 0,
    "num_bloom_filters_in_scan": 0,
    "num_bloom_filters_in_scan": 0,
    "result": "correct",
    "time": 0.769611,
  },
  {
    "name": "benchmark/imdb_parachute/24a.benchmark",
    "iteration": 3,
    "num_bloom_filters_in_scan": 0,
    "num_bloom_filters_in_scan": 0,
    "num_bloom_filters_in_scan": 0,
    "num_bloom_filters_in_scan": 0,
    "num_bloom_filters_in_scan": 0,
    "num_bloom_filters_in_scan": 0,
    "num_bloom_filters_in_scan": 0,
    "num_bloom_filters_in_scan": 0,
    "num_bloom_filters_in_scan": 0,
    "num_bloom_filters_in_scan": 0,
    "num_bloom_filters_in_scan": 0,
    "num_bloom_filters_in_scan": 0,
    "result": "correct",
    "time": 0.818162,
  },
  {
    "name": "benchmark/imdb_parachute/24a.benchmark",
    "iteration": 4,
    "num_bloom_filters_in_scan": 0,
    "num_bloom_filters_in_scan": 0,
    "num_bloom_filters_in_scan": 0,
    "num_bloom_filters_in_scan": 0,
    "num_bloom_filters_in_scan": 0,
    "num_bloom_filters_in_scan": 0,
    "num_bloom_filters_in_scan": 0,
    "num_bloom_filters_in_scan": 0,
    "num_bloom_filters_in_scan": 0,
    "num_bloom_filters_in_scan": 0,
    "num_bloom_filters_in_scan": 0,
    "num_bloom_filters_in_scan": 0,
    "result": "correct",
    "time": 0.807067,
  },
  {
    "name": "benchmark/imdb_parachute/24a.benchmark",
    "iteration": 5,
    "num_bloom_filters_in_scan": 0,
    "num_bloom_filters_in_scan": 0,
    "num_bloom_filters_in_scan": 0,
    "num_bloom_filters_in_scan": 0,
    "num_bloom_filters_in_scan": 0,
    "num_bloom_filters_in_scan": 0,
    "num_bloom_filters_in_scan": 0,
    "num_bloom_filters_in_scan": 0,
    "num_bloom_filters_in_scan": 0,
    "num_bloom_filters_in_scan": 0,
    "num_bloom_filters_in_scan": 0,
    "num_bloom_filters_in_scan": 0,
    "result": "correct",
    "time": 0.816611,
  },
  {
    "name": "benchmark/imdb_parachute/24b.benchmark",
    "iteration": 0,
    "num_bloom_filters_in_scan": 0,
    "num_bloom_filters_in_scan": 0,
    "num_bloom_filters_in_scan": 0,
    "num_bloom_filters_in_scan": 0,
    "num_bloom_filters_in_scan": 0,
    "num_bloom_filters_in_scan": 0,
    "num_bloom_filters_in_scan": 0,
    "num_bloom_filters_in_scan": 0,
    "num_bloom_filters_in_scan": 0,
    "num_bloom_filters_in_scan": 0,
    "num_bloom_filters_in_scan": 0,
    "num_bloom_filters_in_scan": 0,
  },
  {
    "name": "benchmark/imdb_parachute/24b.benchmark",
    "iteration": 1,
    "num_bloom_filters_in_scan": 0,
    "num_bloom_filters_in_scan": 0,
    "num_bloom_filters_in_scan": 0,
    "num_bloom_filters_in_scan": 0,
    "num_bloom_filters_in_scan": 0,
    "num_bloom_filters_in_scan": 0,
    "num_bloom_filters_in_scan": 0,
    "num_bloom_filters_in_scan": 0,
    "num_bloom_filters_in_scan": 0,
    "num_bloom_filters_in_scan": 0,
    "num_bloom_filters_in_scan": 0,
    "num_bloom_filters_in_scan": 0,
    "result": "correct",
    "time": 0.364451,
  },
  {
    "name": "benchmark/imdb_parachute/24b.benchmark",
    "iteration": 2,
    "num_bloom_filters_in_scan": 0,
    "num_bloom_filters_in_scan": 0,
    "num_bloom_filters_in_scan": 0,
    "num_bloom_filters_in_scan": 0,
    "num_bloom_filters_in_scan": 0,
    "num_bloom_filters_in_scan": 0,
    "num_bloom_filters_in_scan": 0,
    "num_bloom_filters_in_scan": 0,
    "num_bloom_filters_in_scan": 0,
    "num_bloom_filters_in_scan": 0,
    "num_bloom_filters_in_scan": 0,
    "num_bloom_filters_in_scan": 0,
    "result": "correct",
    "time": 0.356394,
  },
  {
    "name": "benchmark/imdb_parachute/24b.benchmark",
    "iteration": 3,
    "num_bloom_filters_in_scan": 0,
    "num_bloom_filters_in_scan": 0,
    "num_bloom_filters_in_scan": 0,
    "num_bloom_filters_in_scan": 0,
    "num_bloom_filters_in_scan": 0,
    "num_bloom_filters_in_scan": 0,
    "num_bloom_filters_in_scan": 0,
    "num_bloom_filters_in_scan": 0,
    "num_bloom_filters_in_scan": 0,
    "num_bloom_filters_in_scan": 0,
    "num_bloom_filters_in_scan": 0,
    "num_bloom_filters_in_scan": 0,
    "result": "correct",
    "time": 0.362935,
  },
  {
    "name": "benchmark/imdb_parachute/24b.benchmark",
    "iteration": 4,
    "num_bloom_filters_in_scan": 0,
    "num_bloom_filters_in_scan": 0,
    "num_bloom_filters_in_scan": 0,
    "num_bloom_filters_in_scan": 0,
    "num_bloom_filters_in_scan": 0,
    "num_bloom_filters_in_scan": 0,
    "num_bloom_filters_in_scan": 0,
    "num_bloom_filters_in_scan": 0,
    "num_bloom_filters_in_scan": 0,
    "num_bloom_filters_in_scan": 0,
    "num_bloom_filters_in_scan": 0,
    "num_bloom_filters_in_scan": 0,
    "result": "correct",
    "time": 0.362085,
  },
  {
    "name": "benchmark/imdb_parachute/24b.benchmark",
    "iteration": 5,
    "num_bloom_filters_in_scan": 0,
    "num_bloom_filters_in_scan": 0,
    "num_bloom_filters_in_scan": 0,
    "num_bloom_filters_in_scan": 0,
    "num_bloom_filters_in_scan": 0,
    "num_bloom_filters_in_scan": 0,
    "num_bloom_filters_in_scan": 0,
    "num_bloom_filters_in_scan": 0,
    "num_bloom_filters_in_scan": 0,
    "num_bloom_filters_in_scan": 0,
    "num_bloom_filters_in_scan": 0,
    "num_bloom_filters_in_scan": 0,
    "result": "correct",
    "time": 0.365648,
  },
  {
    "name": "benchmark/imdb_parachute/25a.benchmark",
    "iteration": 0,
    "num_bloom_filters_in_scan": 0,
    "num_bloom_filters_in_scan": 0,
    "num_bloom_filters_in_scan": 0,
    "num_bloom_filters_in_scan": 0,
    "num_bloom_filters_in_scan": 0,
    "num_bloom_filters_in_scan": 0,
    "num_bloom_filters_in_scan": 0,
    "num_bloom_filters_in_scan": 0,
    "num_bloom_filters_in_scan": 0,
  },
  {
    "name": "benchmark/imdb_parachute/25a.benchmark",
    "iteration": 1,
    "num_bloom_filters_in_scan": 0,
    "num_bloom_filters_in_scan": 0,
    "num_bloom_filters_in_scan": 0,
    "num_bloom_filters_in_scan": 0,
    "num_bloom_filters_in_scan": 0,
    "num_bloom_filters_in_scan": 0,
    "num_bloom_filters_in_scan": 0,
    "num_bloom_filters_in_scan": 0,
    "num_bloom_filters_in_scan": 0,
    "result": "correct",
    "time": 0.950574,
  },
  {
    "name": "benchmark/imdb_parachute/25a.benchmark",
    "iteration": 2,
    "num_bloom_filters_in_scan": 0,
    "num_bloom_filters_in_scan": 0,
    "num_bloom_filters_in_scan": 0,
    "num_bloom_filters_in_scan": 0,
    "num_bloom_filters_in_scan": 0,
    "num_bloom_filters_in_scan": 0,
    "num_bloom_filters_in_scan": 0,
    "num_bloom_filters_in_scan": 0,
    "num_bloom_filters_in_scan": 0,
    "result": "correct",
    "time": 0.980311,
  },
  {
    "name": "benchmark/imdb_parachute/25a.benchmark",
    "iteration": 3,
    "num_bloom_filters_in_scan": 0,
    "num_bloom_filters_in_scan": 0,
    "num_bloom_filters_in_scan": 0,
    "num_bloom_filters_in_scan": 0,
    "num_bloom_filters_in_scan": 0,
    "num_bloom_filters_in_scan": 0,
    "num_bloom_filters_in_scan": 0,
    "num_bloom_filters_in_scan": 0,
    "num_bloom_filters_in_scan": 0,
    "result": "correct",
    "time": 0.969006,
  },
  {
    "name": "benchmark/imdb_parachute/25a.benchmark",
    "iteration": 4,
    "num_bloom_filters_in_scan": 0,
    "num_bloom_filters_in_scan": 0,
    "num_bloom_filters_in_scan": 0,
    "num_bloom_filters_in_scan": 0,
    "num_bloom_filters_in_scan": 0,
    "num_bloom_filters_in_scan": 0,
    "num_bloom_filters_in_scan": 0,
    "num_bloom_filters_in_scan": 0,
    "num_bloom_filters_in_scan": 0,
    "result": "correct",
    "time": 0.962039,
  },
  {
    "name": "benchmark/imdb_parachute/25a.benchmark",
    "iteration": 5,
    "num_bloom_filters_in_scan": 0,
    "num_bloom_filters_in_scan": 0,
    "num_bloom_filters_in_scan": 0,
    "num_bloom_filters_in_scan": 0,
    "num_bloom_filters_in_scan": 0,
    "num_bloom_filters_in_scan": 0,
    "num_bloom_filters_in_scan": 0,
    "num_bloom_filters_in_scan": 0,
    "num_bloom_filters_in_scan": 0,
    "result": "correct",
    "time": 0.946723,
  },
  {
    "name": "benchmark/imdb_parachute/25b.benchmark",
    "iteration": 0,
    "num_bloom_filters_in_scan": 0,
    "num_bloom_filters_in_scan": 0,
    "num_bloom_filters_in_scan": 0,
    "num_bloom_filters_in_scan": 0,
    "num_bloom_filters_in_scan": 0,
    "num_bloom_filters_in_scan": 0,
    "num_bloom_filters_in_scan": 0,
    "num_bloom_filters_in_scan": 0,
    "num_bloom_filters_in_scan": 0,
  },
  {
    "name": "benchmark/imdb_parachute/25b.benchmark",
    "iteration": 1,
    "num_bloom_filters_in_scan": 0,
    "num_bloom_filters_in_scan": 0,
    "num_bloom_filters_in_scan": 0,
    "num_bloom_filters_in_scan": 0,
    "num_bloom_filters_in_scan": 0,
    "num_bloom_filters_in_scan": 0,
    "num_bloom_filters_in_scan": 0,
    "num_bloom_filters_in_scan": 0,
    "num_bloom_filters_in_scan": 0,
    "result": "correct",
    "time": 0.15954,
  },
  {
    "name": "benchmark/imdb_parachute/25b.benchmark",
    "iteration": 2,
    "num_bloom_filters_in_scan": 0,
    "num_bloom_filters_in_scan": 0,
    "num_bloom_filters_in_scan": 0,
    "num_bloom_filters_in_scan": 0,
    "num_bloom_filters_in_scan": 0,
    "num_bloom_filters_in_scan": 0,
    "num_bloom_filters_in_scan": 0,
    "num_bloom_filters_in_scan": 0,
    "num_bloom_filters_in_scan": 0,
    "result": "correct",
    "time": 0.14687,
  },
  {
    "name": "benchmark/imdb_parachute/25b.benchmark",
    "iteration": 3,
    "num_bloom_filters_in_scan": 0,
    "num_bloom_filters_in_scan": 0,
    "num_bloom_filters_in_scan": 0,
    "num_bloom_filters_in_scan": 0,
    "num_bloom_filters_in_scan": 0,
    "num_bloom_filters_in_scan": 0,
    "num_bloom_filters_in_scan": 0,
    "num_bloom_filters_in_scan": 0,
    "num_bloom_filters_in_scan": 0,
    "result": "correct",
    "time": 0.14403,
  },
  {
    "name": "benchmark/imdb_parachute/25b.benchmark",
    "iteration": 4,
    "num_bloom_filters_in_scan": 0,
    "num_bloom_filters_in_scan": 0,
    "num_bloom_filters_in_scan": 0,
    "num_bloom_filters_in_scan": 0,
    "num_bloom_filters_in_scan": 0,
    "num_bloom_filters_in_scan": 0,
    "num_bloom_filters_in_scan": 0,
    "num_bloom_filters_in_scan": 0,
    "num_bloom_filters_in_scan": 0,
    "result": "correct",
    "time": 0.160345,
  },
  {
    "name": "benchmark/imdb_parachute/25b.benchmark",
    "iteration": 5,
    "num_bloom_filters_in_scan": 0,
    "num_bloom_filters_in_scan": 0,
    "num_bloom_filters_in_scan": 0,
    "num_bloom_filters_in_scan": 0,
    "num_bloom_filters_in_scan": 0,
    "num_bloom_filters_in_scan": 0,
    "num_bloom_filters_in_scan": 0,
    "num_bloom_filters_in_scan": 0,
    "num_bloom_filters_in_scan": 0,
    "result": "correct",
    "time": 0.156925,
  },
  {
    "name": "benchmark/imdb_parachute/25c.benchmark",
    "iteration": 0,
    "num_bloom_filters_in_scan": 0,
    "num_bloom_filters_in_scan": 0,
    "num_bloom_filters_in_scan": 0,
    "num_bloom_filters_in_scan": 0,
    "num_bloom_filters_in_scan": 0,
    "num_bloom_filters_in_scan": 0,
    "num_bloom_filters_in_scan": 0,
    "num_bloom_filters_in_scan": 0,
    "num_bloom_filters_in_scan": 0,
  },
  {
    "name": "benchmark/imdb_parachute/25c.benchmark",
    "iteration": 1,
    "num_bloom_filters_in_scan": 0,
    "num_bloom_filters_in_scan": 0,
    "num_bloom_filters_in_scan": 0,
    "num_bloom_filters_in_scan": 0,
    "num_bloom_filters_in_scan": 0,
    "num_bloom_filters_in_scan": 0,
    "num_bloom_filters_in_scan": 0,
    "num_bloom_filters_in_scan": 0,
    "num_bloom_filters_in_scan": 0,
    "result": "correct",
    "time": 1.16594,
  },
  {
    "name": "benchmark/imdb_parachute/25c.benchmark",
    "iteration": 2,
    "num_bloom_filters_in_scan": 0,
    "num_bloom_filters_in_scan": 0,
    "num_bloom_filters_in_scan": 0,
    "num_bloom_filters_in_scan": 0,
    "num_bloom_filters_in_scan": 0,
    "num_bloom_filters_in_scan": 0,
    "num_bloom_filters_in_scan": 0,
    "num_bloom_filters_in_scan": 0,
    "num_bloom_filters_in_scan": 0,
    "result": "correct",
    "time": 1.17886,
  },
  {
    "name": "benchmark/imdb_parachute/25c.benchmark",
    "iteration": 3,
    "num_bloom_filters_in_scan": 0,
    "num_bloom_filters_in_scan": 0,
    "num_bloom_filters_in_scan": 0,
    "num_bloom_filters_in_scan": 0,
    "num_bloom_filters_in_scan": 0,
    "num_bloom_filters_in_scan": 0,
    "num_bloom_filters_in_scan": 0,
    "num_bloom_filters_in_scan": 0,
    "num_bloom_filters_in_scan": 0,
    "result": "correct",
    "time": 1.22299,
  },
  {
    "name": "benchmark/imdb_parachute/25c.benchmark",
    "iteration": 4,
    "num_bloom_filters_in_scan": 0,
    "num_bloom_filters_in_scan": 0,
    "num_bloom_filters_in_scan": 0,
    "num_bloom_filters_in_scan": 0,
    "num_bloom_filters_in_scan": 0,
    "num_bloom_filters_in_scan": 0,
    "num_bloom_filters_in_scan": 0,
    "num_bloom_filters_in_scan": 0,
    "num_bloom_filters_in_scan": 0,
    "result": "correct",
    "time": 1.16716,
  },
  {
    "name": "benchmark/imdb_parachute/25c.benchmark",
    "iteration": 5,
    "num_bloom_filters_in_scan": 0,
    "num_bloom_filters_in_scan": 0,
    "num_bloom_filters_in_scan": 0,
    "num_bloom_filters_in_scan": 0,
    "num_bloom_filters_in_scan": 0,
    "num_bloom_filters_in_scan": 0,
    "num_bloom_filters_in_scan": 0,
    "num_bloom_filters_in_scan": 0,
    "num_bloom_filters_in_scan": 0,
    "result": "correct",
    "time": 1.17888,
  },
  {
    "name": "benchmark/imdb_parachute/26a.benchmark",
    "iteration": 0,
    "num_bloom_filters_in_scan": 0,
    "num_bloom_filters_in_scan": 0,
    "num_bloom_filters_in_scan": 0,
    "num_bloom_filters_in_scan": 0,
    "num_bloom_filters_in_scan": 0,
    "num_bloom_filters_in_scan": 0,
    "num_bloom_filters_in_scan": 0,
    "num_bloom_filters_in_scan": 0,
    "num_bloom_filters_in_scan": 0,
    "num_bloom_filters_in_scan": 0,
    "num_bloom_filters_in_scan": 0,
    "num_bloom_filters_in_scan": 0,
  },
  {
    "name": "benchmark/imdb_parachute/26a.benchmark",
    "iteration": 1,
    "num_bloom_filters_in_scan": 0,
    "num_bloom_filters_in_scan": 0,
    "num_bloom_filters_in_scan": 0,
    "num_bloom_filters_in_scan": 0,
    "num_bloom_filters_in_scan": 0,
    "num_bloom_filters_in_scan": 0,
    "num_bloom_filters_in_scan": 0,
    "num_bloom_filters_in_scan": 0,
    "num_bloom_filters_in_scan": 0,
    "num_bloom_filters_in_scan": 0,
    "num_bloom_filters_in_scan": 0,
    "num_bloom_filters_in_scan": 0,
    "result": "correct",
    "time": 0.821033,
  },
  {
    "name": "benchmark/imdb_parachute/26a.benchmark",
    "iteration": 2,
    "num_bloom_filters_in_scan": 0,
    "num_bloom_filters_in_scan": 0,
    "num_bloom_filters_in_scan": 0,
    "num_bloom_filters_in_scan": 0,
    "num_bloom_filters_in_scan": 0,
    "num_bloom_filters_in_scan": 0,
    "num_bloom_filters_in_scan": 0,
    "num_bloom_filters_in_scan": 0,
    "num_bloom_filters_in_scan": 0,
    "num_bloom_filters_in_scan": 0,
    "num_bloom_filters_in_scan": 0,
    "num_bloom_filters_in_scan": 0,
    "result": "correct",
    "time": 0.815882,
  },
  {
    "name": "benchmark/imdb_parachute/26a.benchmark",
    "iteration": 3,
    "num_bloom_filters_in_scan": 0,
    "num_bloom_filters_in_scan": 0,
    "num_bloom_filters_in_scan": 0,
    "num_bloom_filters_in_scan": 0,
    "num_bloom_filters_in_scan": 0,
    "num_bloom_filters_in_scan": 0,
    "num_bloom_filters_in_scan": 0,
    "num_bloom_filters_in_scan": 0,
    "num_bloom_filters_in_scan": 0,
    "num_bloom_filters_in_scan": 0,
    "num_bloom_filters_in_scan": 0,
    "num_bloom_filters_in_scan": 0,
    "result": "correct",
    "time": 0.815601,
  },
  {
    "name": "benchmark/imdb_parachute/26a.benchmark",
    "iteration": 4,
    "num_bloom_filters_in_scan": 0,
    "num_bloom_filters_in_scan": 0,
    "num_bloom_filters_in_scan": 0,
    "num_bloom_filters_in_scan": 0,
    "num_bloom_filters_in_scan": 0,
    "num_bloom_filters_in_scan": 0,
    "num_bloom_filters_in_scan": 0,
    "num_bloom_filters_in_scan": 0,
    "num_bloom_filters_in_scan": 0,
    "num_bloom_filters_in_scan": 0,
    "num_bloom_filters_in_scan": 0,
    "num_bloom_filters_in_scan": 0,
    "result": "correct",
    "time": 0.818768,
  },
  {
    "name": "benchmark/imdb_parachute/26a.benchmark",
    "iteration": 5,
    "num_bloom_filters_in_scan": 0,
    "num_bloom_filters_in_scan": 0,
    "num_bloom_filters_in_scan": 0,
    "num_bloom_filters_in_scan": 0,
    "num_bloom_filters_in_scan": 0,
    "num_bloom_filters_in_scan": 0,
    "num_bloom_filters_in_scan": 0,
    "num_bloom_filters_in_scan": 0,
    "num_bloom_filters_in_scan": 0,
    "num_bloom_filters_in_scan": 0,
    "num_bloom_filters_in_scan": 0,
    "num_bloom_filters_in_scan": 0,
    "result": "correct",
    "time": 0.821766,
  },
  {
    "name": "benchmark/imdb_parachute/26b.benchmark",
    "iteration": 0,
    "num_bloom_filters_in_scan": 0,
    "num_bloom_filters_in_scan": 0,
    "num_bloom_filters_in_scan": 0,
    "num_bloom_filters_in_scan": 0,
    "num_bloom_filters_in_scan": 0,
    "num_bloom_filters_in_scan": 0,
    "num_bloom_filters_in_scan": 0,
    "num_bloom_filters_in_scan": 0,
    "num_bloom_filters_in_scan": 0,
    "num_bloom_filters_in_scan": 0,
    "num_bloom_filters_in_scan": 0,
    "num_bloom_filters_in_scan": 0,
  },
  {
    "name": "benchmark/imdb_parachute/26b.benchmark",
    "iteration": 1,
    "num_bloom_filters_in_scan": 0,
    "num_bloom_filters_in_scan": 0,
    "num_bloom_filters_in_scan": 0,
    "num_bloom_filters_in_scan": 0,
    "num_bloom_filters_in_scan": 0,
    "num_bloom_filters_in_scan": 0,
    "num_bloom_filters_in_scan": 0,
    "num_bloom_filters_in_scan": 0,
    "num_bloom_filters_in_scan": 0,
    "num_bloom_filters_in_scan": 0,
    "num_bloom_filters_in_scan": 0,
    "num_bloom_filters_in_scan": 0,
    "result": "correct",
    "time": 0.598023,
  },
  {
    "name": "benchmark/imdb_parachute/26b.benchmark",
    "iteration": 2,
    "num_bloom_filters_in_scan": 0,
    "num_bloom_filters_in_scan": 0,
    "num_bloom_filters_in_scan": 0,
    "num_bloom_filters_in_scan": 0,
    "num_bloom_filters_in_scan": 0,
    "num_bloom_filters_in_scan": 0,
    "num_bloom_filters_in_scan": 0,
    "num_bloom_filters_in_scan": 0,
    "num_bloom_filters_in_scan": 0,
    "num_bloom_filters_in_scan": 0,
    "num_bloom_filters_in_scan": 0,
    "num_bloom_filters_in_scan": 0,
    "result": "correct",
    "time": 0.597593,
  },
  {
    "name": "benchmark/imdb_parachute/26b.benchmark",
    "iteration": 3,
    "num_bloom_filters_in_scan": 0,
    "num_bloom_filters_in_scan": 0,
    "num_bloom_filters_in_scan": 0,
    "num_bloom_filters_in_scan": 0,
    "num_bloom_filters_in_scan": 0,
    "num_bloom_filters_in_scan": 0,
    "num_bloom_filters_in_scan": 0,
    "num_bloom_filters_in_scan": 0,
    "num_bloom_filters_in_scan": 0,
    "num_bloom_filters_in_scan": 0,
    "num_bloom_filters_in_scan": 0,
    "num_bloom_filters_in_scan": 0,
    "result": "correct",
    "time": 0.598683,
  },
  {
    "name": "benchmark/imdb_parachute/26b.benchmark",
    "iteration": 4,
    "num_bloom_filters_in_scan": 0,
    "num_bloom_filters_in_scan": 0,
    "num_bloom_filters_in_scan": 0,
    "num_bloom_filters_in_scan": 0,
    "num_bloom_filters_in_scan": 0,
    "num_bloom_filters_in_scan": 0,
    "num_bloom_filters_in_scan": 0,
    "num_bloom_filters_in_scan": 0,
    "num_bloom_filters_in_scan": 0,
    "num_bloom_filters_in_scan": 0,
    "num_bloom_filters_in_scan": 0,
    "num_bloom_filters_in_scan": 0,
    "result": "correct",
    "time": 0.599185,
  },
  {
    "name": "benchmark/imdb_parachute/26b.benchmark",
    "iteration": 5,
    "num_bloom_filters_in_scan": 0,
    "num_bloom_filters_in_scan": 0,
    "num_bloom_filters_in_scan": 0,
    "num_bloom_filters_in_scan": 0,
    "num_bloom_filters_in_scan": 0,
    "num_bloom_filters_in_scan": 0,
    "num_bloom_filters_in_scan": 0,
    "num_bloom_filters_in_scan": 0,
    "num_bloom_filters_in_scan": 0,
    "num_bloom_filters_in_scan": 0,
    "num_bloom_filters_in_scan": 0,
    "num_bloom_filters_in_scan": 0,
    "result": "correct",
    "time": 0.604287,
  },
  {
    "name": "benchmark/imdb_parachute/26c.benchmark",
    "iteration": 0,
    "num_bloom_filters_in_scan": 0,
    "num_bloom_filters_in_scan": 0,
    "num_bloom_filters_in_scan": 0,
    "num_bloom_filters_in_scan": 0,
    "num_bloom_filters_in_scan": 0,
    "num_bloom_filters_in_scan": 0,
    "num_bloom_filters_in_scan": 0,
    "num_bloom_filters_in_scan": 0,
    "num_bloom_filters_in_scan": 0,
    "num_bloom_filters_in_scan": 0,
    "num_bloom_filters_in_scan": 0,
    "num_bloom_filters_in_scan": 0,
  },
  {
    "name": "benchmark/imdb_parachute/26c.benchmark",
    "iteration": 1,
    "num_bloom_filters_in_scan": 0,
    "num_bloom_filters_in_scan": 0,
    "num_bloom_filters_in_scan": 0,
    "num_bloom_filters_in_scan": 0,
    "num_bloom_filters_in_scan": 0,
    "num_bloom_filters_in_scan": 0,
    "num_bloom_filters_in_scan": 0,
    "num_bloom_filters_in_scan": 0,
    "num_bloom_filters_in_scan": 0,
    "num_bloom_filters_in_scan": 0,
    "num_bloom_filters_in_scan": 0,
    "num_bloom_filters_in_scan": 0,
    "result": "correct",
    "time": 0.760651,
  },
  {
    "name": "benchmark/imdb_parachute/26c.benchmark",
    "iteration": 2,
    "num_bloom_filters_in_scan": 0,
    "num_bloom_filters_in_scan": 0,
    "num_bloom_filters_in_scan": 0,
    "num_bloom_filters_in_scan": 0,
    "num_bloom_filters_in_scan": 0,
    "num_bloom_filters_in_scan": 0,
    "num_bloom_filters_in_scan": 0,
    "num_bloom_filters_in_scan": 0,
    "num_bloom_filters_in_scan": 0,
    "num_bloom_filters_in_scan": 0,
    "num_bloom_filters_in_scan": 0,
    "num_bloom_filters_in_scan": 0,
    "result": "correct",
    "time": 0.752057,
  },
  {
    "name": "benchmark/imdb_parachute/26c.benchmark",
    "iteration": 3,
    "num_bloom_filters_in_scan": 0,
    "num_bloom_filters_in_scan": 0,
    "num_bloom_filters_in_scan": 0,
    "num_bloom_filters_in_scan": 0,
    "num_bloom_filters_in_scan": 0,
    "num_bloom_filters_in_scan": 0,
    "num_bloom_filters_in_scan": 0,
    "num_bloom_filters_in_scan": 0,
    "num_bloom_filters_in_scan": 0,
    "num_bloom_filters_in_scan": 0,
    "num_bloom_filters_in_scan": 0,
    "num_bloom_filters_in_scan": 0,
    "result": "correct",
    "time": 0.783527,
  },
  {
    "name": "benchmark/imdb_parachute/26c.benchmark",
    "iteration": 4,
    "num_bloom_filters_in_scan": 0,
    "num_bloom_filters_in_scan": 0,
    "num_bloom_filters_in_scan": 0,
    "num_bloom_filters_in_scan": 0,
    "num_bloom_filters_in_scan": 0,
    "num_bloom_filters_in_scan": 0,
    "num_bloom_filters_in_scan": 0,
    "num_bloom_filters_in_scan": 0,
    "num_bloom_filters_in_scan": 0,
    "num_bloom_filters_in_scan": 0,
    "num_bloom_filters_in_scan": 0,
    "num_bloom_filters_in_scan": 0,
    "result": "correct",
    "time": 0.761357,
  },
  {
    "name": "benchmark/imdb_parachute/26c.benchmark",
    "iteration": 5,
    "num_bloom_filters_in_scan": 0,
    "num_bloom_filters_in_scan": 0,
    "num_bloom_filters_in_scan": 0,
    "num_bloom_filters_in_scan": 0,
    "num_bloom_filters_in_scan": 0,
    "num_bloom_filters_in_scan": 0,
    "num_bloom_filters_in_scan": 0,
    "num_bloom_filters_in_scan": 0,
    "num_bloom_filters_in_scan": 0,
    "num_bloom_filters_in_scan": 0,
    "num_bloom_filters_in_scan": 0,
    "num_bloom_filters_in_scan": 0,
    "result": "correct",
    "time": 0.756208,
  },
  {
    "name": "benchmark/imdb_parachute/27a.benchmark",
    "iteration": 0,
    "num_bloom_filters_in_scan": 0,
    "num_bloom_filters_in_scan": 0,
    "num_bloom_filters_in_scan": 0,
    "num_bloom_filters_in_scan": 0,
    "num_bloom_filters_in_scan": 0,
    "num_bloom_filters_in_scan": 0,
    "num_bloom_filters_in_scan": 0,
    "num_bloom_filters_in_scan": 0,
    "num_bloom_filters_in_scan": 0,
    "num_bloom_filters_in_scan": 0,
    "num_bloom_filters_in_scan": 0,
    "num_bloom_filters_in_scan": 0,
  },
  {
    "name": "benchmark/imdb_parachute/27a.benchmark",
    "iteration": 1,
    "num_bloom_filters_in_scan": 0,
    "num_bloom_filters_in_scan": 0,
    "num_bloom_filters_in_scan": 0,
    "num_bloom_filters_in_scan": 0,
    "num_bloom_filters_in_scan": 0,
    "num_bloom_filters_in_scan": 0,
    "num_bloom_filters_in_scan": 0,
    "num_bloom_filters_in_scan": 0,
    "num_bloom_filters_in_scan": 0,
    "num_bloom_filters_in_scan": 0,
    "num_bloom_filters_in_scan": 0,
    "num_bloom_filters_in_scan": 0,
    "result": "correct",
    "time": 0.0666026,
  },
  {
    "name": "benchmark/imdb_parachute/27a.benchmark",
    "iteration": 2,
    "num_bloom_filters_in_scan": 0,
    "num_bloom_filters_in_scan": 0,
    "num_bloom_filters_in_scan": 0,
    "num_bloom_filters_in_scan": 0,
    "num_bloom_filters_in_scan": 0,
    "num_bloom_filters_in_scan": 0,
    "num_bloom_filters_in_scan": 0,
    "num_bloom_filters_in_scan": 0,
    "num_bloom_filters_in_scan": 0,
    "num_bloom_filters_in_scan": 0,
    "num_bloom_filters_in_scan": 0,
    "num_bloom_filters_in_scan": 0,
    "result": "correct",
    "time": 0.0639767,
  },
  {
    "name": "benchmark/imdb_parachute/27a.benchmark",
    "iteration": 3,
    "num_bloom_filters_in_scan": 0,
    "num_bloom_filters_in_scan": 0,
    "num_bloom_filters_in_scan": 0,
    "num_bloom_filters_in_scan": 0,
    "num_bloom_filters_in_scan": 0,
    "num_bloom_filters_in_scan": 0,
    "num_bloom_filters_in_scan": 0,
    "num_bloom_filters_in_scan": 0,
    "num_bloom_filters_in_scan": 0,
    "num_bloom_filters_in_scan": 0,
    "num_bloom_filters_in_scan": 0,
    "num_bloom_filters_in_scan": 0,
    "result": "correct",
    "time": 0.0641752,
  },
  {
    "name": "benchmark/imdb_parachute/27a.benchmark",
    "iteration": 4,
    "num_bloom_filters_in_scan": 0,
    "num_bloom_filters_in_scan": 0,
    "num_bloom_filters_in_scan": 0,
    "num_bloom_filters_in_scan": 0,
    "num_bloom_filters_in_scan": 0,
    "num_bloom_filters_in_scan": 0,
    "num_bloom_filters_in_scan": 0,
    "num_bloom_filters_in_scan": 0,
    "num_bloom_filters_in_scan": 0,
    "num_bloom_filters_in_scan": 0,
    "num_bloom_filters_in_scan": 0,
    "num_bloom_filters_in_scan": 0,
    "result": "correct",
    "time": 0.0633492,
  },
  {
    "name": "benchmark/imdb_parachute/27a.benchmark",
    "iteration": 5,
    "num_bloom_filters_in_scan": 0,
    "num_bloom_filters_in_scan": 0,
    "num_bloom_filters_in_scan": 0,
    "num_bloom_filters_in_scan": 0,
    "num_bloom_filters_in_scan": 0,
    "num_bloom_filters_in_scan": 0,
    "num_bloom_filters_in_scan": 0,
    "num_bloom_filters_in_scan": 0,
    "num_bloom_filters_in_scan": 0,
    "num_bloom_filters_in_scan": 0,
    "num_bloom_filters_in_scan": 0,
    "num_bloom_filters_in_scan": 0,
    "result": "correct",
    "time": 0.0641146,
  },
  {
    "name": "benchmark/imdb_parachute/27b.benchmark",
    "iteration": 0,
    "num_bloom_filters_in_scan": 0,
    "num_bloom_filters_in_scan": 0,
    "num_bloom_filters_in_scan": 0,
    "num_bloom_filters_in_scan": 0,
    "num_bloom_filters_in_scan": 0,
    "num_bloom_filters_in_scan": 0,
    "num_bloom_filters_in_scan": 0,
    "num_bloom_filters_in_scan": 0,
    "num_bloom_filters_in_scan": 0,
    "num_bloom_filters_in_scan": 0,
    "num_bloom_filters_in_scan": 0,
    "num_bloom_filters_in_scan": 0,
  },
  {
    "name": "benchmark/imdb_parachute/27b.benchmark",
    "iteration": 1,
    "num_bloom_filters_in_scan": 0,
    "num_bloom_filters_in_scan": 0,
    "num_bloom_filters_in_scan": 0,
    "num_bloom_filters_in_scan": 0,
    "num_bloom_filters_in_scan": 0,
    "num_bloom_filters_in_scan": 0,
    "num_bloom_filters_in_scan": 0,
    "num_bloom_filters_in_scan": 0,
    "num_bloom_filters_in_scan": 0,
    "num_bloom_filters_in_scan": 0,
    "num_bloom_filters_in_scan": 0,
    "num_bloom_filters_in_scan": 0,
    "result": "correct",
    "time": 0.0459595,
  },
  {
    "name": "benchmark/imdb_parachute/27b.benchmark",
    "iteration": 2,
    "num_bloom_filters_in_scan": 0,
    "num_bloom_filters_in_scan": 0,
    "num_bloom_filters_in_scan": 0,
    "num_bloom_filters_in_scan": 0,
    "num_bloom_filters_in_scan": 0,
    "num_bloom_filters_in_scan": 0,
    "num_bloom_filters_in_scan": 0,
    "num_bloom_filters_in_scan": 0,
    "num_bloom_filters_in_scan": 0,
    "num_bloom_filters_in_scan": 0,
    "num_bloom_filters_in_scan": 0,
    "num_bloom_filters_in_scan": 0,
    "result": "correct",
    "time": 0.0457113,
  },
  {
    "name": "benchmark/imdb_parachute/27b.benchmark",
    "iteration": 3,
    "num_bloom_filters_in_scan": 0,
    "num_bloom_filters_in_scan": 0,
    "num_bloom_filters_in_scan": 0,
    "num_bloom_filters_in_scan": 0,
    "num_bloom_filters_in_scan": 0,
    "num_bloom_filters_in_scan": 0,
    "num_bloom_filters_in_scan": 0,
    "num_bloom_filters_in_scan": 0,
    "num_bloom_filters_in_scan": 0,
    "num_bloom_filters_in_scan": 0,
    "num_bloom_filters_in_scan": 0,
    "num_bloom_filters_in_scan": 0,
    "result": "correct",
    "time": 0.044632,
  },
  {
    "name": "benchmark/imdb_parachute/27b.benchmark",
    "iteration": 4,
    "num_bloom_filters_in_scan": 0,
    "num_bloom_filters_in_scan": 0,
    "num_bloom_filters_in_scan": 0,
    "num_bloom_filters_in_scan": 0,
    "num_bloom_filters_in_scan": 0,
    "num_bloom_filters_in_scan": 0,
    "num_bloom_filters_in_scan": 0,
    "num_bloom_filters_in_scan": 0,
    "num_bloom_filters_in_scan": 0,
    "num_bloom_filters_in_scan": 0,
    "num_bloom_filters_in_scan": 0,
    "num_bloom_filters_in_scan": 0,
    "result": "correct",
    "time": 0.0450102,
  },
  {
    "name": "benchmark/imdb_parachute/27b.benchmark",
    "iteration": 5,
    "num_bloom_filters_in_scan": 0,
    "num_bloom_filters_in_scan": 0,
    "num_bloom_filters_in_scan": 0,
    "num_bloom_filters_in_scan": 0,
    "num_bloom_filters_in_scan": 0,
    "num_bloom_filters_in_scan": 0,
    "num_bloom_filters_in_scan": 0,
    "num_bloom_filters_in_scan": 0,
    "num_bloom_filters_in_scan": 0,
    "num_bloom_filters_in_scan": 0,
    "num_bloom_filters_in_scan": 0,
    "num_bloom_filters_in_scan": 0,
    "result": "correct",
    "time": 0.0470036,
  },
  {
    "name": "benchmark/imdb_parachute/27c.benchmark",
    "iteration": 0,
    "num_bloom_filters_in_scan": 0,
    "num_bloom_filters_in_scan": 0,
    "num_bloom_filters_in_scan": 0,
    "num_bloom_filters_in_scan": 0,
    "num_bloom_filters_in_scan": 0,
    "num_bloom_filters_in_scan": 0,
    "num_bloom_filters_in_scan": 0,
    "num_bloom_filters_in_scan": 0,
    "num_bloom_filters_in_scan": 0,
    "num_bloom_filters_in_scan": 0,
    "num_bloom_filters_in_scan": 0,
    "num_bloom_filters_in_scan": 0,
  },
  {
    "name": "benchmark/imdb_parachute/27c.benchmark",
    "iteration": 1,
    "num_bloom_filters_in_scan": 0,
    "num_bloom_filters_in_scan": 0,
    "num_bloom_filters_in_scan": 0,
    "num_bloom_filters_in_scan": 0,
    "num_bloom_filters_in_scan": 0,
    "num_bloom_filters_in_scan": 0,
    "num_bloom_filters_in_scan": 0,
    "num_bloom_filters_in_scan": 0,
    "num_bloom_filters_in_scan": 0,
    "num_bloom_filters_in_scan": 0,
    "num_bloom_filters_in_scan": 0,
    "num_bloom_filters_in_scan": 0,
    "result": "correct",
    "time": 0.0722514,
  },
  {
    "name": "benchmark/imdb_parachute/27c.benchmark",
    "iteration": 2,
    "num_bloom_filters_in_scan": 0,
    "num_bloom_filters_in_scan": 0,
    "num_bloom_filters_in_scan": 0,
    "num_bloom_filters_in_scan": 0,
    "num_bloom_filters_in_scan": 0,
    "num_bloom_filters_in_scan": 0,
    "num_bloom_filters_in_scan": 0,
    "num_bloom_filters_in_scan": 0,
    "num_bloom_filters_in_scan": 0,
    "num_bloom_filters_in_scan": 0,
    "num_bloom_filters_in_scan": 0,
    "num_bloom_filters_in_scan": 0,
    "result": "correct",
    "time": 0.0721387,
  },
  {
    "name": "benchmark/imdb_parachute/27c.benchmark",
    "iteration": 3,
    "num_bloom_filters_in_scan": 0,
    "num_bloom_filters_in_scan": 0,
    "num_bloom_filters_in_scan": 0,
    "num_bloom_filters_in_scan": 0,
    "num_bloom_filters_in_scan": 0,
    "num_bloom_filters_in_scan": 0,
    "num_bloom_filters_in_scan": 0,
    "num_bloom_filters_in_scan": 0,
    "num_bloom_filters_in_scan": 0,
    "num_bloom_filters_in_scan": 0,
    "num_bloom_filters_in_scan": 0,
    "num_bloom_filters_in_scan": 0,
    "result": "correct",
    "time": 0.0726324,
  },
  {
    "name": "benchmark/imdb_parachute/27c.benchmark",
    "iteration": 4,
    "num_bloom_filters_in_scan": 0,
    "num_bloom_filters_in_scan": 0,
    "num_bloom_filters_in_scan": 0,
    "num_bloom_filters_in_scan": 0,
    "num_bloom_filters_in_scan": 0,
    "num_bloom_filters_in_scan": 0,
    "num_bloom_filters_in_scan": 0,
    "num_bloom_filters_in_scan": 0,
    "num_bloom_filters_in_scan": 0,
    "num_bloom_filters_in_scan": 0,
    "num_bloom_filters_in_scan": 0,
    "num_bloom_filters_in_scan": 0,
    "result": "correct",
    "time": 0.0728237,
  },
  {
    "name": "benchmark/imdb_parachute/27c.benchmark",
    "iteration": 5,
    "num_bloom_filters_in_scan": 0,
    "num_bloom_filters_in_scan": 0,
    "num_bloom_filters_in_scan": 0,
    "num_bloom_filters_in_scan": 0,
    "num_bloom_filters_in_scan": 0,
    "num_bloom_filters_in_scan": 0,
    "num_bloom_filters_in_scan": 0,
    "num_bloom_filters_in_scan": 0,
    "num_bloom_filters_in_scan": 0,
    "num_bloom_filters_in_scan": 0,
    "num_bloom_filters_in_scan": 0,
    "num_bloom_filters_in_scan": 0,
    "result": "correct",
    "time": 0.0709231,
  },
  {
    "name": "benchmark/imdb_parachute/28a.benchmark",
    "iteration": 0,
    "num_bloom_filters_in_scan": 0,
    "num_bloom_filters_in_scan": 0,
    "num_bloom_filters_in_scan": 0,
    "num_bloom_filters_in_scan": 0,
    "num_bloom_filters_in_scan": 0,
    "num_bloom_filters_in_scan": 0,
    "num_bloom_filters_in_scan": 0,
    "num_bloom_filters_in_scan": 0,
    "num_bloom_filters_in_scan": 0,
    "num_bloom_filters_in_scan": 0,
    "num_bloom_filters_in_scan": 0,
    "num_bloom_filters_in_scan": 0,
    "num_bloom_filters_in_scan": 0,
    "num_bloom_filters_in_scan": 0,
  },
  {
    "name": "benchmark/imdb_parachute/28a.benchmark",
    "iteration": 1,
    "num_bloom_filters_in_scan": 0,
    "num_bloom_filters_in_scan": 0,
    "num_bloom_filters_in_scan": 0,
    "num_bloom_filters_in_scan": 0,
    "num_bloom_filters_in_scan": 0,
    "num_bloom_filters_in_scan": 0,
    "num_bloom_filters_in_scan": 0,
    "num_bloom_filters_in_scan": 0,
    "num_bloom_filters_in_scan": 0,
    "num_bloom_filters_in_scan": 0,
    "num_bloom_filters_in_scan": 0,
    "num_bloom_filters_in_scan": 0,
    "num_bloom_filters_in_scan": 0,
    "num_bloom_filters_in_scan": 0,
    "result": "correct",
    "time": 0.427169,
  },
  {
    "name": "benchmark/imdb_parachute/28a.benchmark",
    "iteration": 2,
    "num_bloom_filters_in_scan": 0,
    "num_bloom_filters_in_scan": 0,
    "num_bloom_filters_in_scan": 0,
    "num_bloom_filters_in_scan": 0,
    "num_bloom_filters_in_scan": 0,
    "num_bloom_filters_in_scan": 0,
    "num_bloom_filters_in_scan": 0,
    "num_bloom_filters_in_scan": 0,
    "num_bloom_filters_in_scan": 0,
    "num_bloom_filters_in_scan": 0,
    "num_bloom_filters_in_scan": 0,
    "num_bloom_filters_in_scan": 0,
    "num_bloom_filters_in_scan": 0,
    "num_bloom_filters_in_scan": 0,
    "result": "correct",
    "time": 0.428169,
  },
  {
    "name": "benchmark/imdb_parachute/28a.benchmark",
    "iteration": 3,
    "num_bloom_filters_in_scan": 0,
    "num_bloom_filters_in_scan": 0,
    "num_bloom_filters_in_scan": 0,
    "num_bloom_filters_in_scan": 0,
    "num_bloom_filters_in_scan": 0,
    "num_bloom_filters_in_scan": 0,
    "num_bloom_filters_in_scan": 0,
    "num_bloom_filters_in_scan": 0,
    "num_bloom_filters_in_scan": 0,
    "num_bloom_filters_in_scan": 0,
    "num_bloom_filters_in_scan": 0,
    "num_bloom_filters_in_scan": 0,
    "num_bloom_filters_in_scan": 0,
    "num_bloom_filters_in_scan": 0,
    "result": "correct",
    "time": 0.42548,
  },
  {
    "name": "benchmark/imdb_parachute/28a.benchmark",
    "iteration": 4,
    "num_bloom_filters_in_scan": 0,
    "num_bloom_filters_in_scan": 0,
    "num_bloom_filters_in_scan": 0,
    "num_bloom_filters_in_scan": 0,
    "num_bloom_filters_in_scan": 0,
    "num_bloom_filters_in_scan": 0,
    "num_bloom_filters_in_scan": 0,
    "num_bloom_filters_in_scan": 0,
    "num_bloom_filters_in_scan": 0,
    "num_bloom_filters_in_scan": 0,
    "num_bloom_filters_in_scan": 0,
    "num_bloom_filters_in_scan": 0,
    "num_bloom_filters_in_scan": 0,
    "num_bloom_filters_in_scan": 0,
    "result": "correct",
    "time": 0.426202,
  },
  {
    "name": "benchmark/imdb_parachute/28a.benchmark",
    "iteration": 5,
    "num_bloom_filters_in_scan": 0,
    "num_bloom_filters_in_scan": 0,
    "num_bloom_filters_in_scan": 0,
    "num_bloom_filters_in_scan": 0,
    "num_bloom_filters_in_scan": 0,
    "num_bloom_filters_in_scan": 0,
    "num_bloom_filters_in_scan": 0,
    "num_bloom_filters_in_scan": 0,
    "num_bloom_filters_in_scan": 0,
    "num_bloom_filters_in_scan": 0,
    "num_bloom_filters_in_scan": 0,
    "num_bloom_filters_in_scan": 0,
    "num_bloom_filters_in_scan": 0,
    "num_bloom_filters_in_scan": 0,
    "result": "correct",
    "time": 0.428102,
  },
  {
    "name": "benchmark/imdb_parachute/28b.benchmark",
    "iteration": 0,
    "num_bloom_filters_in_scan": 0,
    "num_bloom_filters_in_scan": 0,
    "num_bloom_filters_in_scan": 0,
    "num_bloom_filters_in_scan": 0,
    "num_bloom_filters_in_scan": 0,
    "num_bloom_filters_in_scan": 0,
    "num_bloom_filters_in_scan": 0,
    "num_bloom_filters_in_scan": 0,
    "num_bloom_filters_in_scan": 0,
    "num_bloom_filters_in_scan": 0,
    "num_bloom_filters_in_scan": 0,
    "num_bloom_filters_in_scan": 0,
    "num_bloom_filters_in_scan": 0,
    "num_bloom_filters_in_scan": 0,
  },
  {
    "name": "benchmark/imdb_parachute/28b.benchmark",
    "iteration": 1,
    "num_bloom_filters_in_scan": 0,
    "num_bloom_filters_in_scan": 0,
    "num_bloom_filters_in_scan": 0,
    "num_bloom_filters_in_scan": 0,
    "num_bloom_filters_in_scan": 0,
    "num_bloom_filters_in_scan": 0,
    "num_bloom_filters_in_scan": 0,
    "num_bloom_filters_in_scan": 0,
    "num_bloom_filters_in_scan": 0,
    "num_bloom_filters_in_scan": 0,
    "num_bloom_filters_in_scan": 0,
    "num_bloom_filters_in_scan": 0,
    "num_bloom_filters_in_scan": 0,
    "num_bloom_filters_in_scan": 0,
    "result": "correct",
    "time": 0.398835,
  },
  {
    "name": "benchmark/imdb_parachute/28b.benchmark",
    "iteration": 2,
    "num_bloom_filters_in_scan": 0,
    "num_bloom_filters_in_scan": 0,
    "num_bloom_filters_in_scan": 0,
    "num_bloom_filters_in_scan": 0,
    "num_bloom_filters_in_scan": 0,
    "num_bloom_filters_in_scan": 0,
    "num_bloom_filters_in_scan": 0,
    "num_bloom_filters_in_scan": 0,
    "num_bloom_filters_in_scan": 0,
    "num_bloom_filters_in_scan": 0,
    "num_bloom_filters_in_scan": 0,
    "num_bloom_filters_in_scan": 0,
    "num_bloom_filters_in_scan": 0,
    "num_bloom_filters_in_scan": 0,
    "result": "correct",
    "time": 0.397154,
  },
  {
    "name": "benchmark/imdb_parachute/28b.benchmark",
    "iteration": 3,
    "num_bloom_filters_in_scan": 0,
    "num_bloom_filters_in_scan": 0,
    "num_bloom_filters_in_scan": 0,
    "num_bloom_filters_in_scan": 0,
    "num_bloom_filters_in_scan": 0,
    "num_bloom_filters_in_scan": 0,
    "num_bloom_filters_in_scan": 0,
    "num_bloom_filters_in_scan": 0,
    "num_bloom_filters_in_scan": 0,
    "num_bloom_filters_in_scan": 0,
    "num_bloom_filters_in_scan": 0,
    "num_bloom_filters_in_scan": 0,
    "num_bloom_filters_in_scan": 0,
    "num_bloom_filters_in_scan": 0,
    "result": "correct",
    "time": 0.400673,
  },
  {
    "name": "benchmark/imdb_parachute/28b.benchmark",
    "iteration": 4,
    "num_bloom_filters_in_scan": 0,
    "num_bloom_filters_in_scan": 0,
    "num_bloom_filters_in_scan": 0,
    "num_bloom_filters_in_scan": 0,
    "num_bloom_filters_in_scan": 0,
    "num_bloom_filters_in_scan": 0,
    "num_bloom_filters_in_scan": 0,
    "num_bloom_filters_in_scan": 0,
    "num_bloom_filters_in_scan": 0,
    "num_bloom_filters_in_scan": 0,
    "num_bloom_filters_in_scan": 0,
    "num_bloom_filters_in_scan": 0,
    "num_bloom_filters_in_scan": 0,
    "num_bloom_filters_in_scan": 0,
    "result": "correct",
    "time": 0.392944,
  },
  {
    "name": "benchmark/imdb_parachute/28b.benchmark",
    "iteration": 5,
    "num_bloom_filters_in_scan": 0,
    "num_bloom_filters_in_scan": 0,
    "num_bloom_filters_in_scan": 0,
    "num_bloom_filters_in_scan": 0,
    "num_bloom_filters_in_scan": 0,
    "num_bloom_filters_in_scan": 0,
    "num_bloom_filters_in_scan": 0,
    "num_bloom_filters_in_scan": 0,
    "num_bloom_filters_in_scan": 0,
    "num_bloom_filters_in_scan": 0,
    "num_bloom_filters_in_scan": 0,
    "num_bloom_filters_in_scan": 0,
    "num_bloom_filters_in_scan": 0,
    "num_bloom_filters_in_scan": 0,
    "result": "correct",
    "time": 0.392328,
  },
  {
    "name": "benchmark/imdb_parachute/28c.benchmark",
    "iteration": 0,
    "num_bloom_filters_in_scan": 0,
    "num_bloom_filters_in_scan": 0,
    "num_bloom_filters_in_scan": 0,
    "num_bloom_filters_in_scan": 0,
    "num_bloom_filters_in_scan": 0,
    "num_bloom_filters_in_scan": 0,
    "num_bloom_filters_in_scan": 0,
    "num_bloom_filters_in_scan": 0,
    "num_bloom_filters_in_scan": 0,
    "num_bloom_filters_in_scan": 0,
    "num_bloom_filters_in_scan": 0,
    "num_bloom_filters_in_scan": 0,
    "num_bloom_filters_in_scan": 0,
    "num_bloom_filters_in_scan": 0,
  },
  {
    "name": "benchmark/imdb_parachute/28c.benchmark",
    "iteration": 1,
    "num_bloom_filters_in_scan": 0,
    "num_bloom_filters_in_scan": 0,
    "num_bloom_filters_in_scan": 0,
    "num_bloom_filters_in_scan": 0,
    "num_bloom_filters_in_scan": 0,
    "num_bloom_filters_in_scan": 0,
    "num_bloom_filters_in_scan": 0,
    "num_bloom_filters_in_scan": 0,
    "num_bloom_filters_in_scan": 0,
    "num_bloom_filters_in_scan": 0,
    "num_bloom_filters_in_scan": 0,
    "num_bloom_filters_in_scan": 0,
    "num_bloom_filters_in_scan": 0,
    "num_bloom_filters_in_scan": 0,
    "result": "correct",
    "time": 0.435997,
  },
  {
    "name": "benchmark/imdb_parachute/28c.benchmark",
    "iteration": 2,
    "num_bloom_filters_in_scan": 0,
    "num_bloom_filters_in_scan": 0,
    "num_bloom_filters_in_scan": 0,
    "num_bloom_filters_in_scan": 0,
    "num_bloom_filters_in_scan": 0,
    "num_bloom_filters_in_scan": 0,
    "num_bloom_filters_in_scan": 0,
    "num_bloom_filters_in_scan": 0,
    "num_bloom_filters_in_scan": 0,
    "num_bloom_filters_in_scan": 0,
    "num_bloom_filters_in_scan": 0,
    "num_bloom_filters_in_scan": 0,
    "num_bloom_filters_in_scan": 0,
    "num_bloom_filters_in_scan": 0,
    "result": "correct",
    "time": 0.435041,
  },
  {
    "name": "benchmark/imdb_parachute/28c.benchmark",
    "iteration": 3,
    "num_bloom_filters_in_scan": 0,
    "num_bloom_filters_in_scan": 0,
    "num_bloom_filters_in_scan": 0,
    "num_bloom_filters_in_scan": 0,
    "num_bloom_filters_in_scan": 0,
    "num_bloom_filters_in_scan": 0,
    "num_bloom_filters_in_scan": 0,
    "num_bloom_filters_in_scan": 0,
    "num_bloom_filters_in_scan": 0,
    "num_bloom_filters_in_scan": 0,
    "num_bloom_filters_in_scan": 0,
    "num_bloom_filters_in_scan": 0,
    "num_bloom_filters_in_scan": 0,
    "num_bloom_filters_in_scan": 0,
    "result": "correct",
    "time": 0.433554,
  },
  {
    "name": "benchmark/imdb_parachute/28c.benchmark",
    "iteration": 4,
    "num_bloom_filters_in_scan": 0,
    "num_bloom_filters_in_scan": 0,
    "num_bloom_filters_in_scan": 0,
    "num_bloom_filters_in_scan": 0,
    "num_bloom_filters_in_scan": 0,
    "num_bloom_filters_in_scan": 0,
    "num_bloom_filters_in_scan": 0,
    "num_bloom_filters_in_scan": 0,
    "num_bloom_filters_in_scan": 0,
    "num_bloom_filters_in_scan": 0,
    "num_bloom_filters_in_scan": 0,
    "num_bloom_filters_in_scan": 0,
    "num_bloom_filters_in_scan": 0,
    "num_bloom_filters_in_scan": 0,
    "result": "correct",
    "time": 0.436121,
  },
  {
    "name": "benchmark/imdb_parachute/28c.benchmark",
    "iteration": 5,
    "num_bloom_filters_in_scan": 0,
    "num_bloom_filters_in_scan": 0,
    "num_bloom_filters_in_scan": 0,
    "num_bloom_filters_in_scan": 0,
    "num_bloom_filters_in_scan": 0,
    "num_bloom_filters_in_scan": 0,
    "num_bloom_filters_in_scan": 0,
    "num_bloom_filters_in_scan": 0,
    "num_bloom_filters_in_scan": 0,
    "num_bloom_filters_in_scan": 0,
    "num_bloom_filters_in_scan": 0,
    "num_bloom_filters_in_scan": 0,
    "num_bloom_filters_in_scan": 0,
    "num_bloom_filters_in_scan": 0,
    "result": "correct",
    "time": 0.433425,
  },
  {
    "name": "benchmark/imdb_parachute/29a.benchmark",
    "iteration": 0,
    "num_bloom_filters_in_scan": 0,
    "num_bloom_filters_in_scan": 0,
    "num_bloom_filters_in_scan": 0,
    "num_bloom_filters_in_scan": 0,
    "num_bloom_filters_in_scan": 0,
    "num_bloom_filters_in_scan": 0,
    "num_bloom_filters_in_scan": 0,
    "num_bloom_filters_in_scan": 0,
    "num_bloom_filters_in_scan": 0,
    "num_bloom_filters_in_scan": 0,
    "num_bloom_filters_in_scan": 0,
    "num_bloom_filters_in_scan": 0,
    "num_bloom_filters_in_scan": 0,
    "num_bloom_filters_in_scan": 0,
    "num_bloom_filters_in_scan": 0,
    "num_bloom_filters_in_scan": 0,
    "num_bloom_filters_in_scan": 0,
  },
  {
    "name": "benchmark/imdb_parachute/29a.benchmark",
    "iteration": 1,
    "num_bloom_filters_in_scan": 0,
    "num_bloom_filters_in_scan": 0,
    "num_bloom_filters_in_scan": 0,
    "num_bloom_filters_in_scan": 0,
    "num_bloom_filters_in_scan": 0,
    "num_bloom_filters_in_scan": 0,
    "num_bloom_filters_in_scan": 0,
    "num_bloom_filters_in_scan": 0,
    "num_bloom_filters_in_scan": 0,
    "num_bloom_filters_in_scan": 0,
    "num_bloom_filters_in_scan": 0,
    "num_bloom_filters_in_scan": 0,
    "num_bloom_filters_in_scan": 0,
    "num_bloom_filters_in_scan": 0,
    "num_bloom_filters_in_scan": 0,
    "num_bloom_filters_in_scan": 0,
    "num_bloom_filters_in_scan": 0,
    "result": "correct",
    "time": 0.365278,
  },
  {
    "name": "benchmark/imdb_parachute/29a.benchmark",
    "iteration": 2,
    "num_bloom_filters_in_scan": 0,
    "num_bloom_filters_in_scan": 0,
    "num_bloom_filters_in_scan": 0,
    "num_bloom_filters_in_scan": 0,
    "num_bloom_filters_in_scan": 0,
    "num_bloom_filters_in_scan": 0,
    "num_bloom_filters_in_scan": 0,
    "num_bloom_filters_in_scan": 0,
    "num_bloom_filters_in_scan": 0,
    "num_bloom_filters_in_scan": 0,
    "num_bloom_filters_in_scan": 0,
    "num_bloom_filters_in_scan": 0,
    "num_bloom_filters_in_scan": 0,
    "num_bloom_filters_in_scan": 0,
    "num_bloom_filters_in_scan": 0,
    "num_bloom_filters_in_scan": 0,
    "num_bloom_filters_in_scan": 0,
    "result": "correct",
    "time": 0.3664,
  },
  {
    "name": "benchmark/imdb_parachute/29a.benchmark",
    "iteration": 3,
    "num_bloom_filters_in_scan": 0,
    "num_bloom_filters_in_scan": 0,
    "num_bloom_filters_in_scan": 0,
    "num_bloom_filters_in_scan": 0,
    "num_bloom_filters_in_scan": 0,
    "num_bloom_filters_in_scan": 0,
    "num_bloom_filters_in_scan": 0,
    "num_bloom_filters_in_scan": 0,
    "num_bloom_filters_in_scan": 0,
    "num_bloom_filters_in_scan": 0,
    "num_bloom_filters_in_scan": 0,
    "num_bloom_filters_in_scan": 0,
    "num_bloom_filters_in_scan": 0,
    "num_bloom_filters_in_scan": 0,
    "num_bloom_filters_in_scan": 0,
    "num_bloom_filters_in_scan": 0,
    "num_bloom_filters_in_scan": 0,
    "result": "correct",
    "time": 0.366129,
  },
  {
    "name": "benchmark/imdb_parachute/29a.benchmark",
    "iteration": 4,
    "num_bloom_filters_in_scan": 0,
    "num_bloom_filters_in_scan": 0,
    "num_bloom_filters_in_scan": 0,
    "num_bloom_filters_in_scan": 0,
    "num_bloom_filters_in_scan": 0,
    "num_bloom_filters_in_scan": 0,
    "num_bloom_filters_in_scan": 0,
    "num_bloom_filters_in_scan": 0,
    "num_bloom_filters_in_scan": 0,
    "num_bloom_filters_in_scan": 0,
    "num_bloom_filters_in_scan": 0,
    "num_bloom_filters_in_scan": 0,
    "num_bloom_filters_in_scan": 0,
    "num_bloom_filters_in_scan": 0,
    "num_bloom_filters_in_scan": 0,
    "num_bloom_filters_in_scan": 0,
    "num_bloom_filters_in_scan": 0,
    "result": "correct",
    "time": 0.364219,
  },
  {
    "name": "benchmark/imdb_parachute/29a.benchmark",
    "iteration": 5,
    "num_bloom_filters_in_scan": 0,
    "num_bloom_filters_in_scan": 0,
    "num_bloom_filters_in_scan": 0,
    "num_bloom_filters_in_scan": 0,
    "num_bloom_filters_in_scan": 0,
    "num_bloom_filters_in_scan": 0,
    "num_bloom_filters_in_scan": 0,
    "num_bloom_filters_in_scan": 0,
    "num_bloom_filters_in_scan": 0,
    "num_bloom_filters_in_scan": 0,
    "num_bloom_filters_in_scan": 0,
    "num_bloom_filters_in_scan": 0,
    "num_bloom_filters_in_scan": 0,
    "num_bloom_filters_in_scan": 0,
    "num_bloom_filters_in_scan": 0,
    "num_bloom_filters_in_scan": 0,
    "num_bloom_filters_in_scan": 0,
    "result": "correct",
    "time": 0.366318,
  },
  {
    "name": "benchmark/imdb_parachute/29b.benchmark",
    "iteration": 0,
    "num_bloom_filters_in_scan": 0,
    "num_bloom_filters_in_scan": 0,
    "num_bloom_filters_in_scan": 0,
    "num_bloom_filters_in_scan": 0,
    "num_bloom_filters_in_scan": 0,
    "num_bloom_filters_in_scan": 0,
    "num_bloom_filters_in_scan": 0,
    "num_bloom_filters_in_scan": 0,
    "num_bloom_filters_in_scan": 0,
    "num_bloom_filters_in_scan": 0,
    "num_bloom_filters_in_scan": 0,
    "num_bloom_filters_in_scan": 0,
    "num_bloom_filters_in_scan": 0,
    "num_bloom_filters_in_scan": 0,
    "num_bloom_filters_in_scan": 0,
    "num_bloom_filters_in_scan": 0,
    "num_bloom_filters_in_scan": 0,
  },
  {
    "name": "benchmark/imdb_parachute/29b.benchmark",
    "iteration": 1,
    "num_bloom_filters_in_scan": 0,
    "num_bloom_filters_in_scan": 0,
    "num_bloom_filters_in_scan": 0,
    "num_bloom_filters_in_scan": 0,
    "num_bloom_filters_in_scan": 0,
    "num_bloom_filters_in_scan": 0,
    "num_bloom_filters_in_scan": 0,
    "num_bloom_filters_in_scan": 0,
    "num_bloom_filters_in_scan": 0,
    "num_bloom_filters_in_scan": 0,
    "num_bloom_filters_in_scan": 0,
    "num_bloom_filters_in_scan": 0,
    "num_bloom_filters_in_scan": 0,
    "num_bloom_filters_in_scan": 0,
    "num_bloom_filters_in_scan": 0,
    "num_bloom_filters_in_scan": 0,
    "num_bloom_filters_in_scan": 0,
    "result": "correct",
    "time": 0.578456,
  },
  {
    "name": "benchmark/imdb_parachute/29b.benchmark",
    "iteration": 2,
    "num_bloom_filters_in_scan": 0,
    "num_bloom_filters_in_scan": 0,
    "num_bloom_filters_in_scan": 0,
    "num_bloom_filters_in_scan": 0,
    "num_bloom_filters_in_scan": 0,
    "num_bloom_filters_in_scan": 0,
    "num_bloom_filters_in_scan": 0,
    "num_bloom_filters_in_scan": 0,
    "num_bloom_filters_in_scan": 0,
    "num_bloom_filters_in_scan": 0,
    "num_bloom_filters_in_scan": 0,
    "num_bloom_filters_in_scan": 0,
    "num_bloom_filters_in_scan": 0,
    "num_bloom_filters_in_scan": 0,
    "num_bloom_filters_in_scan": 0,
    "num_bloom_filters_in_scan": 0,
    "num_bloom_filters_in_scan": 0,
    "result": "correct",
    "time": 0.572829,
  },
  {
    "name": "benchmark/imdb_parachute/29b.benchmark",
    "iteration": 3,
    "num_bloom_filters_in_scan": 0,
    "num_bloom_filters_in_scan": 0,
    "num_bloom_filters_in_scan": 0,
    "num_bloom_filters_in_scan": 0,
    "num_bloom_filters_in_scan": 0,
    "num_bloom_filters_in_scan": 0,
    "num_bloom_filters_in_scan": 0,
    "num_bloom_filters_in_scan": 0,
    "num_bloom_filters_in_scan": 0,
    "num_bloom_filters_in_scan": 0,
    "num_bloom_filters_in_scan": 0,
    "num_bloom_filters_in_scan": 0,
    "num_bloom_filters_in_scan": 0,
    "num_bloom_filters_in_scan": 0,
    "num_bloom_filters_in_scan": 0,
    "num_bloom_filters_in_scan": 0,
    "num_bloom_filters_in_scan": 0,
    "result": "correct",
    "time": 0.575606,
  },
  {
    "name": "benchmark/imdb_parachute/29b.benchmark",
    "iteration": 4,
    "num_bloom_filters_in_scan": 0,
    "num_bloom_filters_in_scan": 0,
    "num_bloom_filters_in_scan": 0,
    "num_bloom_filters_in_scan": 0,
    "num_bloom_filters_in_scan": 0,
    "num_bloom_filters_in_scan": 0,
    "num_bloom_filters_in_scan": 0,
    "num_bloom_filters_in_scan": 0,
    "num_bloom_filters_in_scan": 0,
    "num_bloom_filters_in_scan": 0,
    "num_bloom_filters_in_scan": 0,
    "num_bloom_filters_in_scan": 0,
    "num_bloom_filters_in_scan": 0,
    "num_bloom_filters_in_scan": 0,
    "num_bloom_filters_in_scan": 0,
    "num_bloom_filters_in_scan": 0,
    "num_bloom_filters_in_scan": 0,
    "result": "correct",
    "time": 0.574872,
  },
  {
    "name": "benchmark/imdb_parachute/29b.benchmark",
    "iteration": 5,
    "num_bloom_filters_in_scan": 0,
    "num_bloom_filters_in_scan": 0,
    "num_bloom_filters_in_scan": 0,
    "num_bloom_filters_in_scan": 0,
    "num_bloom_filters_in_scan": 0,
    "num_bloom_filters_in_scan": 0,
    "num_bloom_filters_in_scan": 0,
    "num_bloom_filters_in_scan": 0,
    "num_bloom_filters_in_scan": 0,
    "num_bloom_filters_in_scan": 0,
    "num_bloom_filters_in_scan": 0,
    "num_bloom_filters_in_scan": 0,
    "num_bloom_filters_in_scan": 0,
    "num_bloom_filters_in_scan": 0,
    "num_bloom_filters_in_scan": 0,
    "num_bloom_filters_in_scan": 0,
    "num_bloom_filters_in_scan": 0,
    "result": "correct",
    "time": 0.57524,
  },
  {
    "name": "benchmark/imdb_parachute/29c.benchmark",
    "iteration": 0,
    "num_bloom_filters_in_scan": 0,
    "num_bloom_filters_in_scan": 0,
    "num_bloom_filters_in_scan": 0,
    "num_bloom_filters_in_scan": 0,
    "num_bloom_filters_in_scan": 0,
    "num_bloom_filters_in_scan": 0,
    "num_bloom_filters_in_scan": 0,
    "num_bloom_filters_in_scan": 0,
    "num_bloom_filters_in_scan": 0,
    "num_bloom_filters_in_scan": 0,
    "num_bloom_filters_in_scan": 0,
    "num_bloom_filters_in_scan": 0,
    "num_bloom_filters_in_scan": 0,
    "num_bloom_filters_in_scan": 0,
    "num_bloom_filters_in_scan": 0,
    "num_bloom_filters_in_scan": 0,
    "num_bloom_filters_in_scan": 0,
  },
  {
    "name": "benchmark/imdb_parachute/29c.benchmark",
    "iteration": 1,
    "num_bloom_filters_in_scan": 0,
    "num_bloom_filters_in_scan": 0,
    "num_bloom_filters_in_scan": 0,
    "num_bloom_filters_in_scan": 0,
    "num_bloom_filters_in_scan": 0,
    "num_bloom_filters_in_scan": 0,
    "num_bloom_filters_in_scan": 0,
    "num_bloom_filters_in_scan": 0,
    "num_bloom_filters_in_scan": 0,
    "num_bloom_filters_in_scan": 0,
    "num_bloom_filters_in_scan": 0,
    "num_bloom_filters_in_scan": 0,
    "num_bloom_filters_in_scan": 0,
    "num_bloom_filters_in_scan": 0,
    "num_bloom_filters_in_scan": 0,
    "num_bloom_filters_in_scan": 0,
    "num_bloom_filters_in_scan": 0,
    "result": "correct",
    "time": 0.636924,
  },
  {
    "name": "benchmark/imdb_parachute/29c.benchmark",
    "iteration": 2,
    "num_bloom_filters_in_scan": 0,
    "num_bloom_filters_in_scan": 0,
    "num_bloom_filters_in_scan": 0,
    "num_bloom_filters_in_scan": 0,
    "num_bloom_filters_in_scan": 0,
    "num_bloom_filters_in_scan": 0,
    "num_bloom_filters_in_scan": 0,
    "num_bloom_filters_in_scan": 0,
    "num_bloom_filters_in_scan": 0,
    "num_bloom_filters_in_scan": 0,
    "num_bloom_filters_in_scan": 0,
    "num_bloom_filters_in_scan": 0,
    "num_bloom_filters_in_scan": 0,
    "num_bloom_filters_in_scan": 0,
    "num_bloom_filters_in_scan": 0,
    "num_bloom_filters_in_scan": 0,
    "num_bloom_filters_in_scan": 0,
    "result": "correct",
    "time": 0.608571,
  },
  {
    "name": "benchmark/imdb_parachute/29c.benchmark",
    "iteration": 3,
    "num_bloom_filters_in_scan": 0,
    "num_bloom_filters_in_scan": 0,
    "num_bloom_filters_in_scan": 0,
    "num_bloom_filters_in_scan": 0,
    "num_bloom_filters_in_scan": 0,
    "num_bloom_filters_in_scan": 0,
    "num_bloom_filters_in_scan": 0,
    "num_bloom_filters_in_scan": 0,
    "num_bloom_filters_in_scan": 0,
    "num_bloom_filters_in_scan": 0,
    "num_bloom_filters_in_scan": 0,
    "num_bloom_filters_in_scan": 0,
    "num_bloom_filters_in_scan": 0,
    "num_bloom_filters_in_scan": 0,
    "num_bloom_filters_in_scan": 0,
    "num_bloom_filters_in_scan": 0,
    "num_bloom_filters_in_scan": 0,
    "result": "correct",
    "time": 0.623705,
  },
  {
    "name": "benchmark/imdb_parachute/29c.benchmark",
    "iteration": 4,
    "num_bloom_filters_in_scan": 0,
    "num_bloom_filters_in_scan": 0,
    "num_bloom_filters_in_scan": 0,
    "num_bloom_filters_in_scan": 0,
    "num_bloom_filters_in_scan": 0,
    "num_bloom_filters_in_scan": 0,
    "num_bloom_filters_in_scan": 0,
    "num_bloom_filters_in_scan": 0,
    "num_bloom_filters_in_scan": 0,
    "num_bloom_filters_in_scan": 0,
    "num_bloom_filters_in_scan": 0,
    "num_bloom_filters_in_scan": 0,
    "num_bloom_filters_in_scan": 0,
    "num_bloom_filters_in_scan": 0,
    "num_bloom_filters_in_scan": 0,
    "num_bloom_filters_in_scan": 0,
    "num_bloom_filters_in_scan": 0,
    "result": "correct",
    "time": 0.600662,
  },
  {
    "name": "benchmark/imdb_parachute/29c.benchmark",
    "iteration": 5,
    "num_bloom_filters_in_scan": 0,
    "num_bloom_filters_in_scan": 0,
    "num_bloom_filters_in_scan": 0,
    "num_bloom_filters_in_scan": 0,
    "num_bloom_filters_in_scan": 0,
    "num_bloom_filters_in_scan": 0,
    "num_bloom_filters_in_scan": 0,
    "num_bloom_filters_in_scan": 0,
    "num_bloom_filters_in_scan": 0,
    "num_bloom_filters_in_scan": 0,
    "num_bloom_filters_in_scan": 0,
    "num_bloom_filters_in_scan": 0,
    "num_bloom_filters_in_scan": 0,
    "num_bloom_filters_in_scan": 0,
    "num_bloom_filters_in_scan": 0,
    "num_bloom_filters_in_scan": 0,
    "num_bloom_filters_in_scan": 0,
    "result": "correct",
    "time": 0.631253,
  },
  {
    "name": "benchmark/imdb_parachute/30a.benchmark",
    "iteration": 0,
    "num_bloom_filters_in_scan": 0,
    "num_bloom_filters_in_scan": 0,
    "num_bloom_filters_in_scan": 0,
    "num_bloom_filters_in_scan": 0,
    "num_bloom_filters_in_scan": 0,
    "num_bloom_filters_in_scan": 0,
    "num_bloom_filters_in_scan": 0,
    "num_bloom_filters_in_scan": 0,
    "num_bloom_filters_in_scan": 0,
    "num_bloom_filters_in_scan": 0,
    "num_bloom_filters_in_scan": 0,
    "num_bloom_filters_in_scan": 0,
  },
  {
    "name": "benchmark/imdb_parachute/30a.benchmark",
    "iteration": 1,
    "num_bloom_filters_in_scan": 0,
    "num_bloom_filters_in_scan": 0,
    "num_bloom_filters_in_scan": 0,
    "num_bloom_filters_in_scan": 0,
    "num_bloom_filters_in_scan": 0,
    "num_bloom_filters_in_scan": 0,
    "num_bloom_filters_in_scan": 0,
    "num_bloom_filters_in_scan": 0,
    "num_bloom_filters_in_scan": 0,
    "num_bloom_filters_in_scan": 0,
    "num_bloom_filters_in_scan": 0,
    "num_bloom_filters_in_scan": 0,
    "result": "correct",
    "time": 1.09939,
  },
  {
    "name": "benchmark/imdb_parachute/30a.benchmark",
    "iteration": 2,
    "num_bloom_filters_in_scan": 0,
    "num_bloom_filters_in_scan": 0,
    "num_bloom_filters_in_scan": 0,
    "num_bloom_filters_in_scan": 0,
    "num_bloom_filters_in_scan": 0,
    "num_bloom_filters_in_scan": 0,
    "num_bloom_filters_in_scan": 0,
    "num_bloom_filters_in_scan": 0,
    "num_bloom_filters_in_scan": 0,
    "num_bloom_filters_in_scan": 0,
    "num_bloom_filters_in_scan": 0,
    "num_bloom_filters_in_scan": 0,
    "result": "correct",
    "time": 1.12486,
  },
  {
    "name": "benchmark/imdb_parachute/30a.benchmark",
    "iteration": 3,
    "num_bloom_filters_in_scan": 0,
    "num_bloom_filters_in_scan": 0,
    "num_bloom_filters_in_scan": 0,
    "num_bloom_filters_in_scan": 0,
    "num_bloom_filters_in_scan": 0,
    "num_bloom_filters_in_scan": 0,
    "num_bloom_filters_in_scan": 0,
    "num_bloom_filters_in_scan": 0,
    "num_bloom_filters_in_scan": 0,
    "num_bloom_filters_in_scan": 0,
    "num_bloom_filters_in_scan": 0,
    "num_bloom_filters_in_scan": 0,
    "result": "correct",
    "time": 1.10965,
  },
  {
    "name": "benchmark/imdb_parachute/30a.benchmark",
    "iteration": 4,
    "num_bloom_filters_in_scan": 0,
    "num_bloom_filters_in_scan": 0,
    "num_bloom_filters_in_scan": 0,
    "num_bloom_filters_in_scan": 0,
    "num_bloom_filters_in_scan": 0,
    "num_bloom_filters_in_scan": 0,
    "num_bloom_filters_in_scan": 0,
    "num_bloom_filters_in_scan": 0,
    "num_bloom_filters_in_scan": 0,
    "num_bloom_filters_in_scan": 0,
    "num_bloom_filters_in_scan": 0,
    "num_bloom_filters_in_scan": 0,
    "result": "correct",
    "time": 1.1189,
  },
  {
    "name": "benchmark/imdb_parachute/30a.benchmark",
    "iteration": 5,
    "num_bloom_filters_in_scan": 0,
    "num_bloom_filters_in_scan": 0,
    "num_bloom_filters_in_scan": 0,
    "num_bloom_filters_in_scan": 0,
    "num_bloom_filters_in_scan": 0,
    "num_bloom_filters_in_scan": 0,
    "num_bloom_filters_in_scan": 0,
    "num_bloom_filters_in_scan": 0,
    "num_bloom_filters_in_scan": 0,
    "num_bloom_filters_in_scan": 0,
    "num_bloom_filters_in_scan": 0,
    "num_bloom_filters_in_scan": 0,
    "result": "correct",
    "time": 1.12288,
  },
  {
    "name": "benchmark/imdb_parachute/30b.benchmark",
    "iteration": 0,
    "num_bloom_filters_in_scan": 0,
    "num_bloom_filters_in_scan": 0,
    "num_bloom_filters_in_scan": 0,
    "num_bloom_filters_in_scan": 0,
    "num_bloom_filters_in_scan": 0,
    "num_bloom_filters_in_scan": 0,
    "num_bloom_filters_in_scan": 0,
    "num_bloom_filters_in_scan": 0,
    "num_bloom_filters_in_scan": 0,
    "num_bloom_filters_in_scan": 0,
    "num_bloom_filters_in_scan": 0,
    "num_bloom_filters_in_scan": 0,
  },
  {
    "name": "benchmark/imdb_parachute/30b.benchmark",
    "iteration": 1,
    "num_bloom_filters_in_scan": 0,
    "num_bloom_filters_in_scan": 0,
    "num_bloom_filters_in_scan": 0,
    "num_bloom_filters_in_scan": 0,
    "num_bloom_filters_in_scan": 0,
    "num_bloom_filters_in_scan": 0,
    "num_bloom_filters_in_scan": 0,
    "num_bloom_filters_in_scan": 0,
    "num_bloom_filters_in_scan": 0,
    "num_bloom_filters_in_scan": 0,
    "num_bloom_filters_in_scan": 0,
    "num_bloom_filters_in_scan": 0,
    "result": "correct",
    "time": 0.264118,
  },
  {
    "name": "benchmark/imdb_parachute/30b.benchmark",
    "iteration": 2,
    "num_bloom_filters_in_scan": 0,
    "num_bloom_filters_in_scan": 0,
    "num_bloom_filters_in_scan": 0,
    "num_bloom_filters_in_scan": 0,
    "num_bloom_filters_in_scan": 0,
    "num_bloom_filters_in_scan": 0,
    "num_bloom_filters_in_scan": 0,
    "num_bloom_filters_in_scan": 0,
    "num_bloom_filters_in_scan": 0,
    "num_bloom_filters_in_scan": 0,
    "num_bloom_filters_in_scan": 0,
    "num_bloom_filters_in_scan": 0,
    "result": "correct",
    "time": 0.274137,
  },
  {
    "name": "benchmark/imdb_parachute/30b.benchmark",
    "iteration": 3,
    "num_bloom_filters_in_scan": 0,
    "num_bloom_filters_in_scan": 0,
    "num_bloom_filters_in_scan": 0,
    "num_bloom_filters_in_scan": 0,
    "num_bloom_filters_in_scan": 0,
    "num_bloom_filters_in_scan": 0,
    "num_bloom_filters_in_scan": 0,
    "num_bloom_filters_in_scan": 0,
    "num_bloom_filters_in_scan": 0,
    "num_bloom_filters_in_scan": 0,
    "num_bloom_filters_in_scan": 0,
    "num_bloom_filters_in_scan": 0,
    "result": "correct",
    "time": 0.309021,
  },
  {
    "name": "benchmark/imdb_parachute/30b.benchmark",
    "iteration": 4,
    "num_bloom_filters_in_scan": 0,
    "num_bloom_filters_in_scan": 0,
    "num_bloom_filters_in_scan": 0,
    "num_bloom_filters_in_scan": 0,
    "num_bloom_filters_in_scan": 0,
    "num_bloom_filters_in_scan": 0,
    "num_bloom_filters_in_scan": 0,
    "num_bloom_filters_in_scan": 0,
    "num_bloom_filters_in_scan": 0,
    "num_bloom_filters_in_scan": 0,
    "num_bloom_filters_in_scan": 0,
    "num_bloom_filters_in_scan": 0,
    "result": "correct",
    "time": 0.272432,
  },
  {
    "name": "benchmark/imdb_parachute/30b.benchmark",
    "iteration": 5,
    "num_bloom_filters_in_scan": 0,
    "num_bloom_filters_in_scan": 0,
    "num_bloom_filters_in_scan": 0,
    "num_bloom_filters_in_scan": 0,
    "num_bloom_filters_in_scan": 0,
    "num_bloom_filters_in_scan": 0,
    "num_bloom_filters_in_scan": 0,
    "num_bloom_filters_in_scan": 0,
    "num_bloom_filters_in_scan": 0,
    "num_bloom_filters_in_scan": 0,
    "num_bloom_filters_in_scan": 0,
    "num_bloom_filters_in_scan": 0,
    "result": "correct",
    "time": 0.270472,
  },
  {
    "name": "benchmark/imdb_parachute/30c.benchmark",
    "iteration": 0,
    "num_bloom_filters_in_scan": 0,
    "num_bloom_filters_in_scan": 0,
    "num_bloom_filters_in_scan": 0,
    "num_bloom_filters_in_scan": 0,
    "num_bloom_filters_in_scan": 0,
    "num_bloom_filters_in_scan": 0,
    "num_bloom_filters_in_scan": 0,
    "num_bloom_filters_in_scan": 0,
    "num_bloom_filters_in_scan": 0,
    "num_bloom_filters_in_scan": 0,
    "num_bloom_filters_in_scan": 0,
    "num_bloom_filters_in_scan": 0,
  },
  {
    "name": "benchmark/imdb_parachute/30c.benchmark",
    "iteration": 1,
    "num_bloom_filters_in_scan": 0,
    "num_bloom_filters_in_scan": 0,
    "num_bloom_filters_in_scan": 0,
    "num_bloom_filters_in_scan": 0,
    "num_bloom_filters_in_scan": 0,
    "num_bloom_filters_in_scan": 0,
    "num_bloom_filters_in_scan": 0,
    "num_bloom_filters_in_scan": 0,
    "num_bloom_filters_in_scan": 0,
    "num_bloom_filters_in_scan": 0,
    "num_bloom_filters_in_scan": 0,
    "num_bloom_filters_in_scan": 0,
    "result": "correct",
    "time": 1.06587,
  },
  {
    "name": "benchmark/imdb_parachute/30c.benchmark",
    "iteration": 2,
    "num_bloom_filters_in_scan": 0,
    "num_bloom_filters_in_scan": 0,
    "num_bloom_filters_in_scan": 0,
    "num_bloom_filters_in_scan": 0,
    "num_bloom_filters_in_scan": 0,
    "num_bloom_filters_in_scan": 0,
    "num_bloom_filters_in_scan": 0,
    "num_bloom_filters_in_scan": 0,
    "num_bloom_filters_in_scan": 0,
    "num_bloom_filters_in_scan": 0,
    "num_bloom_filters_in_scan": 0,
    "num_bloom_filters_in_scan": 0,
    "result": "correct",
    "time": 1.07523,
  },
  {
    "name": "benchmark/imdb_parachute/30c.benchmark",
    "iteration": 3,
    "num_bloom_filters_in_scan": 0,
    "num_bloom_filters_in_scan": 0,
    "num_bloom_filters_in_scan": 0,
    "num_bloom_filters_in_scan": 0,
    "num_bloom_filters_in_scan": 0,
    "num_bloom_filters_in_scan": 0,
    "num_bloom_filters_in_scan": 0,
    "num_bloom_filters_in_scan": 0,
    "num_bloom_filters_in_scan": 0,
    "num_bloom_filters_in_scan": 0,
    "num_bloom_filters_in_scan": 0,
    "num_bloom_filters_in_scan": 0,
    "result": "correct",
    "time": 1.0653,
  },
  {
    "name": "benchmark/imdb_parachute/30c.benchmark",
    "iteration": 4,
    "num_bloom_filters_in_scan": 0,
    "num_bloom_filters_in_scan": 0,
    "num_bloom_filters_in_scan": 0,
    "num_bloom_filters_in_scan": 0,
    "num_bloom_filters_in_scan": 0,
    "num_bloom_filters_in_scan": 0,
    "num_bloom_filters_in_scan": 0,
    "num_bloom_filters_in_scan": 0,
    "num_bloom_filters_in_scan": 0,
    "num_bloom_filters_in_scan": 0,
    "num_bloom_filters_in_scan": 0,
    "num_bloom_filters_in_scan": 0,
    "result": "correct",
    "time": 1.09896,
  },
  {
    "name": "benchmark/imdb_parachute/30c.benchmark",
    "iteration": 5,
    "num_bloom_filters_in_scan": 0,
    "num_bloom_filters_in_scan": 0,
    "num_bloom_filters_in_scan": 0,
    "num_bloom_filters_in_scan": 0,
    "num_bloom_filters_in_scan": 0,
    "num_bloom_filters_in_scan": 0,
    "num_bloom_filters_in_scan": 0,
    "num_bloom_filters_in_scan": 0,
    "num_bloom_filters_in_scan": 0,
    "num_bloom_filters_in_scan": 0,
    "num_bloom_filters_in_scan": 0,
    "num_bloom_filters_in_scan": 0,
    "result": "correct",
    "time": 1.07828,
  },
  {
    "name": "benchmark/imdb_parachute/31a.benchmark",
    "iteration": 0,
    "num_bloom_filters_in_scan": 0,
    "num_bloom_filters_in_scan": 0,
    "num_bloom_filters_in_scan": 0,
    "num_bloom_filters_in_scan": 0,
    "num_bloom_filters_in_scan": 0,
    "num_bloom_filters_in_scan": 0,
    "num_bloom_filters_in_scan": 0,
    "num_bloom_filters_in_scan": 0,
    "num_bloom_filters_in_scan": 0,
    "num_bloom_filters_in_scan": 0,
    "num_bloom_filters_in_scan": 0,
  },
  {
    "name": "benchmark/imdb_parachute/31a.benchmark",
    "iteration": 1,
    "num_bloom_filters_in_scan": 0,
    "num_bloom_filters_in_scan": 0,
    "num_bloom_filters_in_scan": 0,
    "num_bloom_filters_in_scan": 0,
    "num_bloom_filters_in_scan": 0,
    "num_bloom_filters_in_scan": 0,
    "num_bloom_filters_in_scan": 0,
    "num_bloom_filters_in_scan": 0,
    "num_bloom_filters_in_scan": 0,
    "num_bloom_filters_in_scan": 0,
    "num_bloom_filters_in_scan": 0,
    "result": "correct",
    "time": 0.957907,
  },
  {
    "name": "benchmark/imdb_parachute/31a.benchmark",
    "iteration": 2,
    "num_bloom_filters_in_scan": 0,
    "num_bloom_filters_in_scan": 0,
    "num_bloom_filters_in_scan": 0,
    "num_bloom_filters_in_scan": 0,
    "num_bloom_filters_in_scan": 0,
    "num_bloom_filters_in_scan": 0,
    "num_bloom_filters_in_scan": 0,
    "num_bloom_filters_in_scan": 0,
    "num_bloom_filters_in_scan": 0,
    "num_bloom_filters_in_scan": 0,
    "num_bloom_filters_in_scan": 0,
    "result": "correct",
    "time": 0.934843,
  },
  {
    "name": "benchmark/imdb_parachute/31a.benchmark",
    "iteration": 3,
    "num_bloom_filters_in_scan": 0,
    "num_bloom_filters_in_scan": 0,
    "num_bloom_filters_in_scan": 0,
    "num_bloom_filters_in_scan": 0,
    "num_bloom_filters_in_scan": 0,
    "num_bloom_filters_in_scan": 0,
    "num_bloom_filters_in_scan": 0,
    "num_bloom_filters_in_scan": 0,
    "num_bloom_filters_in_scan": 0,
    "num_bloom_filters_in_scan": 0,
    "num_bloom_filters_in_scan": 0,
    "result": "correct",
    "time": 0.960529,
  },
  {
    "name": "benchmark/imdb_parachute/31a.benchmark",
    "iteration": 4,
    "num_bloom_filters_in_scan": 0,
    "num_bloom_filters_in_scan": 0,
    "num_bloom_filters_in_scan": 0,
    "num_bloom_filters_in_scan": 0,
    "num_bloom_filters_in_scan": 0,
    "num_bloom_filters_in_scan": 0,
    "num_bloom_filters_in_scan": 0,
    "num_bloom_filters_in_scan": 0,
    "num_bloom_filters_in_scan": 0,
    "num_bloom_filters_in_scan": 0,
    "num_bloom_filters_in_scan": 0,
    "result": "correct",
    "time": 0.937689,
  },
  {
    "name": "benchmark/imdb_parachute/31a.benchmark",
    "iteration": 5,
    "num_bloom_filters_in_scan": 0,
    "num_bloom_filters_in_scan": 0,
    "num_bloom_filters_in_scan": 0,
    "num_bloom_filters_in_scan": 0,
    "num_bloom_filters_in_scan": 0,
    "num_bloom_filters_in_scan": 0,
    "num_bloom_filters_in_scan": 0,
    "num_bloom_filters_in_scan": 0,
    "num_bloom_filters_in_scan": 0,
    "num_bloom_filters_in_scan": 0,
    "num_bloom_filters_in_scan": 0,
    "result": "correct",
    "time": 0.934846,
  },
  {
    "name": "benchmark/imdb_parachute/31b.benchmark",
    "iteration": 0,
    "num_bloom_filters_in_scan": 0,
    "num_bloom_filters_in_scan": 0,
    "num_bloom_filters_in_scan": 0,
    "num_bloom_filters_in_scan": 0,
    "num_bloom_filters_in_scan": 0,
    "num_bloom_filters_in_scan": 0,
    "num_bloom_filters_in_scan": 0,
    "num_bloom_filters_in_scan": 0,
    "num_bloom_filters_in_scan": 0,
    "num_bloom_filters_in_scan": 0,
    "num_bloom_filters_in_scan": 0,
  },
  {
    "name": "benchmark/imdb_parachute/31b.benchmark",
    "iteration": 1,
    "num_bloom_filters_in_scan": 0,
    "num_bloom_filters_in_scan": 0,
    "num_bloom_filters_in_scan": 0,
    "num_bloom_filters_in_scan": 0,
    "num_bloom_filters_in_scan": 0,
    "num_bloom_filters_in_scan": 0,
    "num_bloom_filters_in_scan": 0,
    "num_bloom_filters_in_scan": 0,
    "num_bloom_filters_in_scan": 0,
    "num_bloom_filters_in_scan": 0,
    "num_bloom_filters_in_scan": 0,
    "result": "correct",
    "time": 0.262625,
  },
  {
    "name": "benchmark/imdb_parachute/31b.benchmark",
    "iteration": 2,
    "num_bloom_filters_in_scan": 0,
    "num_bloom_filters_in_scan": 0,
    "num_bloom_filters_in_scan": 0,
    "num_bloom_filters_in_scan": 0,
    "num_bloom_filters_in_scan": 0,
    "num_bloom_filters_in_scan": 0,
    "num_bloom_filters_in_scan": 0,
    "num_bloom_filters_in_scan": 0,
    "num_bloom_filters_in_scan": 0,
    "num_bloom_filters_in_scan": 0,
    "num_bloom_filters_in_scan": 0,
    "result": "correct",
    "time": 0.263731,
  },
  {
    "name": "benchmark/imdb_parachute/31b.benchmark",
    "iteration": 3,
    "num_bloom_filters_in_scan": 0,
    "num_bloom_filters_in_scan": 0,
    "num_bloom_filters_in_scan": 0,
    "num_bloom_filters_in_scan": 0,
    "num_bloom_filters_in_scan": 0,
    "num_bloom_filters_in_scan": 0,
    "num_bloom_filters_in_scan": 0,
    "num_bloom_filters_in_scan": 0,
    "num_bloom_filters_in_scan": 0,
    "num_bloom_filters_in_scan": 0,
    "num_bloom_filters_in_scan": 0,
    "result": "correct",
    "time": 0.262264,
  },
  {
    "name": "benchmark/imdb_parachute/31b.benchmark",
    "iteration": 4,
    "num_bloom_filters_in_scan": 0,
    "num_bloom_filters_in_scan": 0,
    "num_bloom_filters_in_scan": 0,
    "num_bloom_filters_in_scan": 0,
    "num_bloom_filters_in_scan": 0,
    "num_bloom_filters_in_scan": 0,
    "num_bloom_filters_in_scan": 0,
    "num_bloom_filters_in_scan": 0,
    "num_bloom_filters_in_scan": 0,
    "num_bloom_filters_in_scan": 0,
    "num_bloom_filters_in_scan": 0,
    "result": "correct",
    "time": 0.261978,
  },
  {
    "name": "benchmark/imdb_parachute/31b.benchmark",
    "iteration": 5,
    "num_bloom_filters_in_scan": 0,
    "num_bloom_filters_in_scan": 0,
    "num_bloom_filters_in_scan": 0,
    "num_bloom_filters_in_scan": 0,
    "num_bloom_filters_in_scan": 0,
    "num_bloom_filters_in_scan": 0,
    "num_bloom_filters_in_scan": 0,
    "num_bloom_filters_in_scan": 0,
    "num_bloom_filters_in_scan": 0,
    "num_bloom_filters_in_scan": 0,
    "num_bloom_filters_in_scan": 0,
    "result": "correct",
    "time": 0.259527,
  },
  {
    "name": "benchmark/imdb_parachute/31c.benchmark",
    "iteration": 0,
    "num_bloom_filters_in_scan": 0,
    "num_bloom_filters_in_scan": 0,
    "num_bloom_filters_in_scan": 0,
    "num_bloom_filters_in_scan": 0,
    "num_bloom_filters_in_scan": 0,
    "num_bloom_filters_in_scan": 0,
    "num_bloom_filters_in_scan": 0,
    "num_bloom_filters_in_scan": 0,
    "num_bloom_filters_in_scan": 0,
    "num_bloom_filters_in_scan": 0,
    "num_bloom_filters_in_scan": 0,
  },
  {
    "name": "benchmark/imdb_parachute/31c.benchmark",
    "iteration": 1,
    "num_bloom_filters_in_scan": 0,
    "num_bloom_filters_in_scan": 0,
    "num_bloom_filters_in_scan": 0,
    "num_bloom_filters_in_scan": 0,
    "num_bloom_filters_in_scan": 0,
    "num_bloom_filters_in_scan": 0,
    "num_bloom_filters_in_scan": 0,
    "num_bloom_filters_in_scan": 0,
    "num_bloom_filters_in_scan": 0,
    "num_bloom_filters_in_scan": 0,
    "num_bloom_filters_in_scan": 0,
    "result": "correct",
    "time": 1.2896,
  },
  {
    "name": "benchmark/imdb_parachute/31c.benchmark",
    "iteration": 2,
    "num_bloom_filters_in_scan": 0,
    "num_bloom_filters_in_scan": 0,
    "num_bloom_filters_in_scan": 0,
    "num_bloom_filters_in_scan": 0,
    "num_bloom_filters_in_scan": 0,
    "num_bloom_filters_in_scan": 0,
    "num_bloom_filters_in_scan": 0,
    "num_bloom_filters_in_scan": 0,
    "num_bloom_filters_in_scan": 0,
    "num_bloom_filters_in_scan": 0,
    "num_bloom_filters_in_scan": 0,
    "result": "correct",
    "time": 1.28287,
  },
  {
    "name": "benchmark/imdb_parachute/31c.benchmark",
    "iteration": 3,
    "num_bloom_filters_in_scan": 0,
    "num_bloom_filters_in_scan": 0,
    "num_bloom_filters_in_scan": 0,
    "num_bloom_filters_in_scan": 0,
    "num_bloom_filters_in_scan": 0,
    "num_bloom_filters_in_scan": 0,
    "num_bloom_filters_in_scan": 0,
    "num_bloom_filters_in_scan": 0,
    "num_bloom_filters_in_scan": 0,
    "num_bloom_filters_in_scan": 0,
    "num_bloom_filters_in_scan": 0,
    "result": "correct",
    "time": 1.28233,
  },
  {
    "name": "benchmark/imdb_parachute/31c.benchmark",
    "iteration": 4,
    "num_bloom_filters_in_scan": 0,
    "num_bloom_filters_in_scan": 0,
    "num_bloom_filters_in_scan": 0,
    "num_bloom_filters_in_scan": 0,
    "num_bloom_filters_in_scan": 0,
    "num_bloom_filters_in_scan": 0,
    "num_bloom_filters_in_scan": 0,
    "num_bloom_filters_in_scan": 0,
    "num_bloom_filters_in_scan": 0,
    "num_bloom_filters_in_scan": 0,
    "num_bloom_filters_in_scan": 0,
    "result": "correct",
    "time": 1.27884,
  },
  {
    "name": "benchmark/imdb_parachute/31c.benchmark",
    "iteration": 5,
    "num_bloom_filters_in_scan": 0,
    "num_bloom_filters_in_scan": 0,
    "num_bloom_filters_in_scan": 0,
    "num_bloom_filters_in_scan": 0,
    "num_bloom_filters_in_scan": 0,
    "num_bloom_filters_in_scan": 0,
    "num_bloom_filters_in_scan": 0,
    "num_bloom_filters_in_scan": 0,
    "num_bloom_filters_in_scan": 0,
    "num_bloom_filters_in_scan": 0,
    "num_bloom_filters_in_scan": 0,
    "result": "correct",
    "time": 1.27391,
  },
  {
    "name": "benchmark/imdb_parachute/32a.benchmark",
    "iteration": 0,
    "num_bloom_filters_in_scan": 0,
    "num_bloom_filters_in_scan": 0,
    "num_bloom_filters_in_scan": 0,
    "num_bloom_filters_in_scan": 0,
    "num_bloom_filters_in_scan": 0,
    "num_bloom_filters_in_scan": 0,
  },
  {
    "name": "benchmark/imdb_parachute/32a.benchmark",
    "iteration": 1,
    "num_bloom_filters_in_scan": 0,
    "num_bloom_filters_in_scan": 0,
    "num_bloom_filters_in_scan": 0,
    "num_bloom_filters_in_scan": 0,
    "num_bloom_filters_in_scan": 0,
    "num_bloom_filters_in_scan": 0,
    "result": "correct",
    "time": 0.00959804,
  },
  {
    "name": "benchmark/imdb_parachute/32a.benchmark",
    "iteration": 2,
    "num_bloom_filters_in_scan": 0,
    "num_bloom_filters_in_scan": 0,
    "num_bloom_filters_in_scan": 0,
    "num_bloom_filters_in_scan": 0,
    "num_bloom_filters_in_scan": 0,
    "num_bloom_filters_in_scan": 0,
    "result": "correct",
    "time": 0.00953268,
  },
  {
    "name": "benchmark/imdb_parachute/32a.benchmark",
    "iteration": 3,
    "num_bloom_filters_in_scan": 0,
    "num_bloom_filters_in_scan": 0,
    "num_bloom_filters_in_scan": 0,
    "num_bloom_filters_in_scan": 0,
    "num_bloom_filters_in_scan": 0,
    "num_bloom_filters_in_scan": 0,
    "result": "correct",
    "time": 0.00832063,
  },
  {
    "name": "benchmark/imdb_parachute/32a.benchmark",
    "iteration": 4,
    "num_bloom_filters_in_scan": 0,
    "num_bloom_filters_in_scan": 0,
    "num_bloom_filters_in_scan": 0,
    "num_bloom_filters_in_scan": 0,
    "num_bloom_filters_in_scan": 0,
    "num_bloom_filters_in_scan": 0,
    "result": "correct",
    "time": 0.00889242,
  },
  {
    "name": "benchmark/imdb_parachute/32a.benchmark",
    "iteration": 5,
    "num_bloom_filters_in_scan": 0,
    "num_bloom_filters_in_scan": 0,
    "num_bloom_filters_in_scan": 0,
    "num_bloom_filters_in_scan": 0,
    "num_bloom_filters_in_scan": 0,
    "num_bloom_filters_in_scan": 0,
    "result": "correct",
    "time": 0.00913028,
  },
  {
    "name": "benchmark/imdb_parachute/32b.benchmark",
    "iteration": 0,
    "num_bloom_filters_in_scan": 0,
    "num_bloom_filters_in_scan": 0,
    "num_bloom_filters_in_scan": 0,
    "num_bloom_filters_in_scan": 0,
    "num_bloom_filters_in_scan": 0,
    "num_bloom_filters_in_scan": 0,
  },
  {
    "name": "benchmark/imdb_parachute/32b.benchmark",
    "iteration": 1,
    "num_bloom_filters_in_scan": 0,
    "num_bloom_filters_in_scan": 0,
    "num_bloom_filters_in_scan": 0,
    "num_bloom_filters_in_scan": 0,
    "num_bloom_filters_in_scan": 0,
    "num_bloom_filters_in_scan": 0,
    "result": "correct",
    "time": 0.152016,
  },
  {
    "name": "benchmark/imdb_parachute/32b.benchmark",
    "iteration": 2,
    "num_bloom_filters_in_scan": 0,
    "num_bloom_filters_in_scan": 0,
    "num_bloom_filters_in_scan": 0,
    "num_bloom_filters_in_scan": 0,
    "num_bloom_filters_in_scan": 0,
    "num_bloom_filters_in_scan": 0,
    "result": "correct",
    "time": 0.152957,
  },
  {
    "name": "benchmark/imdb_parachute/32b.benchmark",
    "iteration": 3,
    "num_bloom_filters_in_scan": 0,
    "num_bloom_filters_in_scan": 0,
    "num_bloom_filters_in_scan": 0,
    "num_bloom_filters_in_scan": 0,
    "num_bloom_filters_in_scan": 0,
    "num_bloom_filters_in_scan": 0,
    "result": "correct",
    "time": 0.152932,
  },
  {
    "name": "benchmark/imdb_parachute/32b.benchmark",
    "iteration": 4,
    "num_bloom_filters_in_scan": 0,
    "num_bloom_filters_in_scan": 0,
    "num_bloom_filters_in_scan": 0,
    "num_bloom_filters_in_scan": 0,
    "num_bloom_filters_in_scan": 0,
    "num_bloom_filters_in_scan": 0,
    "result": "correct",
    "time": 0.153156,
  },
  {
    "name": "benchmark/imdb_parachute/32b.benchmark",
    "iteration": 5,
    "num_bloom_filters_in_scan": 0,
    "num_bloom_filters_in_scan": 0,
    "num_bloom_filters_in_scan": 0,
    "num_bloom_filters_in_scan": 0,
    "num_bloom_filters_in_scan": 0,
    "num_bloom_filters_in_scan": 0,
    "result": "correct",
    "time": 0.165029,
  },
  {
    "name": "benchmark/imdb_parachute/33a.benchmark",
    "iteration": 0,
    "num_bloom_filters_in_scan": 0,
    "num_bloom_filters_in_scan": 0,
    "num_bloom_filters_in_scan": 0,
    "num_bloom_filters_in_scan": 0,
    "num_bloom_filters_in_scan": 0,
    "num_bloom_filters_in_scan": 0,
    "num_bloom_filters_in_scan": 0,
    "num_bloom_filters_in_scan": 0,
    "num_bloom_filters_in_scan": 0,
    "num_bloom_filters_in_scan": 0,
    "num_bloom_filters_in_scan": 0,
    "num_bloom_filters_in_scan": 0,
    "num_bloom_filters_in_scan": 0,
    "num_bloom_filters_in_scan": 0,
  },
  {
    "name": "benchmark/imdb_parachute/33a.benchmark",
    "iteration": 1,
    "num_bloom_filters_in_scan": 0,
    "num_bloom_filters_in_scan": 0,
    "num_bloom_filters_in_scan": 0,
    "num_bloom_filters_in_scan": 0,
    "num_bloom_filters_in_scan": 0,
    "num_bloom_filters_in_scan": 0,
    "num_bloom_filters_in_scan": 0,
    "num_bloom_filters_in_scan": 0,
    "num_bloom_filters_in_scan": 0,
    "num_bloom_filters_in_scan": 0,
    "num_bloom_filters_in_scan": 0,
    "num_bloom_filters_in_scan": 0,
    "num_bloom_filters_in_scan": 0,
    "num_bloom_filters_in_scan": 0,
    "result": "correct",
    "time": 0.103825,
  },
  {
    "name": "benchmark/imdb_parachute/33a.benchmark",
    "iteration": 2,
    "num_bloom_filters_in_scan": 0,
    "num_bloom_filters_in_scan": 0,
    "num_bloom_filters_in_scan": 0,
    "num_bloom_filters_in_scan": 0,
    "num_bloom_filters_in_scan": 0,
    "num_bloom_filters_in_scan": 0,
    "num_bloom_filters_in_scan": 0,
    "num_bloom_filters_in_scan": 0,
    "num_bloom_filters_in_scan": 0,
    "num_bloom_filters_in_scan": 0,
    "num_bloom_filters_in_scan": 0,
    "num_bloom_filters_in_scan": 0,
    "num_bloom_filters_in_scan": 0,
    "num_bloom_filters_in_scan": 0,
    "result": "correct",
    "time": 0.101791,
  },
  {
    "name": "benchmark/imdb_parachute/33a.benchmark",
    "iteration": 3,
    "num_bloom_filters_in_scan": 0,
    "num_bloom_filters_in_scan": 0,
    "num_bloom_filters_in_scan": 0,
    "num_bloom_filters_in_scan": 0,
    "num_bloom_filters_in_scan": 0,
    "num_bloom_filters_in_scan": 0,
    "num_bloom_filters_in_scan": 0,
    "num_bloom_filters_in_scan": 0,
    "num_bloom_filters_in_scan": 0,
    "num_bloom_filters_in_scan": 0,
    "num_bloom_filters_in_scan": 0,
    "num_bloom_filters_in_scan": 0,
    "num_bloom_filters_in_scan": 0,
    "num_bloom_filters_in_scan": 0,
    "result": "correct",
    "time": 0.0999515,
  },
  {
    "name": "benchmark/imdb_parachute/33a.benchmark",
    "iteration": 4,
    "num_bloom_filters_in_scan": 0,
    "num_bloom_filters_in_scan": 0,
    "num_bloom_filters_in_scan": 0,
    "num_bloom_filters_in_scan": 0,
    "num_bloom_filters_in_scan": 0,
    "num_bloom_filters_in_scan": 0,
    "num_bloom_filters_in_scan": 0,
    "num_bloom_filters_in_scan": 0,
    "num_bloom_filters_in_scan": 0,
    "num_bloom_filters_in_scan": 0,
    "num_bloom_filters_in_scan": 0,
    "num_bloom_filters_in_scan": 0,
    "num_bloom_filters_in_scan": 0,
    "num_bloom_filters_in_scan": 0,
    "result": "correct",
    "time": 0.0996478,
  },
  {
    "name": "benchmark/imdb_parachute/33a.benchmark",
    "iteration": 5,
    "num_bloom_filters_in_scan": 0,
    "num_bloom_filters_in_scan": 0,
    "num_bloom_filters_in_scan": 0,
    "num_bloom_filters_in_scan": 0,
    "num_bloom_filters_in_scan": 0,
    "num_bloom_filters_in_scan": 0,
    "num_bloom_filters_in_scan": 0,
    "num_bloom_filters_in_scan": 0,
    "num_bloom_filters_in_scan": 0,
    "num_bloom_filters_in_scan": 0,
    "num_bloom_filters_in_scan": 0,
    "num_bloom_filters_in_scan": 0,
    "num_bloom_filters_in_scan": 0,
    "num_bloom_filters_in_scan": 0,
    "result": "correct",
    "time": 0.0989662,
  },
  {
    "name": "benchmark/imdb_parachute/33b.benchmark",
    "iteration": 0,
    "num_bloom_filters_in_scan": 0,
    "num_bloom_filters_in_scan": 0,
    "num_bloom_filters_in_scan": 0,
    "num_bloom_filters_in_scan": 0,
    "num_bloom_filters_in_scan": 0,
    "num_bloom_filters_in_scan": 0,
    "num_bloom_filters_in_scan": 0,
    "num_bloom_filters_in_scan": 0,
    "num_bloom_filters_in_scan": 0,
    "num_bloom_filters_in_scan": 0,
    "num_bloom_filters_in_scan": 0,
    "num_bloom_filters_in_scan": 0,
    "num_bloom_filters_in_scan": 0,
    "num_bloom_filters_in_scan": 0,
  },
  {
    "name": "benchmark/imdb_parachute/33b.benchmark",
    "iteration": 1,
    "num_bloom_filters_in_scan": 0,
    "num_bloom_filters_in_scan": 0,
    "num_bloom_filters_in_scan": 0,
    "num_bloom_filters_in_scan": 0,
    "num_bloom_filters_in_scan": 0,
    "num_bloom_filters_in_scan": 0,
    "num_bloom_filters_in_scan": 0,
    "num_bloom_filters_in_scan": 0,
    "num_bloom_filters_in_scan": 0,
    "num_bloom_filters_in_scan": 0,
    "num_bloom_filters_in_scan": 0,
    "num_bloom_filters_in_scan": 0,
    "num_bloom_filters_in_scan": 0,
    "num_bloom_filters_in_scan": 0,
    "result": "correct",
    "time": 0.0801231,
  },
  {
    "name": "benchmark/imdb_parachute/33b.benchmark",
    "iteration": 2,
    "num_bloom_filters_in_scan": 0,
    "num_bloom_filters_in_scan": 0,
    "num_bloom_filters_in_scan": 0,
    "num_bloom_filters_in_scan": 0,
    "num_bloom_filters_in_scan": 0,
    "num_bloom_filters_in_scan": 0,
    "num_bloom_filters_in_scan": 0,
    "num_bloom_filters_in_scan": 0,
    "num_bloom_filters_in_scan": 0,
    "num_bloom_filters_in_scan": 0,
    "num_bloom_filters_in_scan": 0,
    "num_bloom_filters_in_scan": 0,
    "num_bloom_filters_in_scan": 0,
    "num_bloom_filters_in_scan": 0,
    "result": "correct",
    "time": 0.0805034,
  },
  {
    "name": "benchmark/imdb_parachute/33b.benchmark",
    "iteration": 3,
    "num_bloom_filters_in_scan": 0,
    "num_bloom_filters_in_scan": 0,
    "num_bloom_filters_in_scan": 0,
    "num_bloom_filters_in_scan": 0,
    "num_bloom_filters_in_scan": 0,
    "num_bloom_filters_in_scan": 0,
    "num_bloom_filters_in_scan": 0,
    "num_bloom_filters_in_scan": 0,
    "num_bloom_filters_in_scan": 0,
    "num_bloom_filters_in_scan": 0,
    "num_bloom_filters_in_scan": 0,
    "num_bloom_filters_in_scan": 0,
    "num_bloom_filters_in_scan": 0,
    "num_bloom_filters_in_scan": 0,
    "result": "correct",
    "time": 0.0844248,
  },
  {
    "name": "benchmark/imdb_parachute/33b.benchmark",
    "iteration": 4,
    "num_bloom_filters_in_scan": 0,
    "num_bloom_filters_in_scan": 0,
    "num_bloom_filters_in_scan": 0,
    "num_bloom_filters_in_scan": 0,
    "num_bloom_filters_in_scan": 0,
    "num_bloom_filters_in_scan": 0,
    "num_bloom_filters_in_scan": 0,
    "num_bloom_filters_in_scan": 0,
    "num_bloom_filters_in_scan": 0,
    "num_bloom_filters_in_scan": 0,
    "num_bloom_filters_in_scan": 0,
    "num_bloom_filters_in_scan": 0,
    "num_bloom_filters_in_scan": 0,
    "num_bloom_filters_in_scan": 0,
    "result": "correct",
    "time": 0.0808061,
  },
  {
    "name": "benchmark/imdb_parachute/33b.benchmark",
    "iteration": 5,
    "num_bloom_filters_in_scan": 0,
    "num_bloom_filters_in_scan": 0,
    "num_bloom_filters_in_scan": 0,
    "num_bloom_filters_in_scan": 0,
    "num_bloom_filters_in_scan": 0,
    "num_bloom_filters_in_scan": 0,
    "num_bloom_filters_in_scan": 0,
    "num_bloom_filters_in_scan": 0,
    "num_bloom_filters_in_scan": 0,
    "num_bloom_filters_in_scan": 0,
    "num_bloom_filters_in_scan": 0,
    "num_bloom_filters_in_scan": 0,
    "num_bloom_filters_in_scan": 0,
    "num_bloom_filters_in_scan": 0,
    "result": "correct",
    "time": 0.0804751,
  },
  {
    "name": "benchmark/imdb_parachute/33c.benchmark",
    "iteration": 0,
    "num_bloom_filters_in_scan": 0,
    "num_bloom_filters_in_scan": 0,
    "num_bloom_filters_in_scan": 0,
    "num_bloom_filters_in_scan": 0,
    "num_bloom_filters_in_scan": 0,
    "num_bloom_filters_in_scan": 0,
    "num_bloom_filters_in_scan": 0,
    "num_bloom_filters_in_scan": 0,
    "num_bloom_filters_in_scan": 0,
    "num_bloom_filters_in_scan": 0,
    "num_bloom_filters_in_scan": 0,
    "num_bloom_filters_in_scan": 0,
    "num_bloom_filters_in_scan": 0,
    "num_bloom_filters_in_scan": 0,
  },
  {
    "name": "benchmark/imdb_parachute/33c.benchmark",
    "iteration": 1,
    "num_bloom_filters_in_scan": 0,
    "num_bloom_filters_in_scan": 0,
    "num_bloom_filters_in_scan": 0,
    "num_bloom_filters_in_scan": 0,
    "num_bloom_filters_in_scan": 0,
    "num_bloom_filters_in_scan": 0,
    "num_bloom_filters_in_scan": 0,
    "num_bloom_filters_in_scan": 0,
    "num_bloom_filters_in_scan": 0,
    "num_bloom_filters_in_scan": 0,
    "num_bloom_filters_in_scan": 0,
    "num_bloom_filters_in_scan": 0,
    "num_bloom_filters_in_scan": 0,
    "num_bloom_filters_in_scan": 0,
    "result": "correct",
    "time": 0.10933,
  },
  {
    "name": "benchmark/imdb_parachute/33c.benchmark",
    "iteration": 2,
    "num_bloom_filters_in_scan": 0,
    "num_bloom_filters_in_scan": 0,
    "num_bloom_filters_in_scan": 0,
    "num_bloom_filters_in_scan": 0,
    "num_bloom_filters_in_scan": 0,
    "num_bloom_filters_in_scan": 0,
    "num_bloom_filters_in_scan": 0,
    "num_bloom_filters_in_scan": 0,
    "num_bloom_filters_in_scan": 0,
    "num_bloom_filters_in_scan": 0,
    "num_bloom_filters_in_scan": 0,
    "num_bloom_filters_in_scan": 0,
    "num_bloom_filters_in_scan": 0,
    "num_bloom_filters_in_scan": 0,
    "result": "correct",
    "time": 0.109305,
  },
  {
    "name": "benchmark/imdb_parachute/33c.benchmark",
    "iteration": 3,
    "num_bloom_filters_in_scan": 0,
    "num_bloom_filters_in_scan": 0,
    "num_bloom_filters_in_scan": 0,
    "num_bloom_filters_in_scan": 0,
    "num_bloom_filters_in_scan": 0,
    "num_bloom_filters_in_scan": 0,
    "num_bloom_filters_in_scan": 0,
    "num_bloom_filters_in_scan": 0,
    "num_bloom_filters_in_scan": 0,
    "num_bloom_filters_in_scan": 0,
    "num_bloom_filters_in_scan": 0,
    "num_bloom_filters_in_scan": 0,
    "num_bloom_filters_in_scan": 0,
    "num_bloom_filters_in_scan": 0,
    "result": "correct",
    "time": 0.109324,
  },
  {
    "name": "benchmark/imdb_parachute/33c.benchmark",
    "iteration": 4,
    "num_bloom_filters_in_scan": 0,
    "num_bloom_filters_in_scan": 0,
    "num_bloom_filters_in_scan": 0,
    "num_bloom_filters_in_scan": 0,
    "num_bloom_filters_in_scan": 0,
    "num_bloom_filters_in_scan": 0,
    "num_bloom_filters_in_scan": 0,
    "num_bloom_filters_in_scan": 0,
    "num_bloom_filters_in_scan": 0,
    "num_bloom_filters_in_scan": 0,
    "num_bloom_filters_in_scan": 0,
    "num_bloom_filters_in_scan": 0,
    "num_bloom_filters_in_scan": 0,
    "num_bloom_filters_in_scan": 0,
    "result": "correct",
    "time": 0.109113,
  },
  {
    "name": "benchmark/imdb_parachute/33c.benchmark",
    "iteration": 5,
    "num_bloom_filters_in_scan": 0,
    "num_bloom_filters_in_scan": 0,
    "num_bloom_filters_in_scan": 0,
    "num_bloom_filters_in_scan": 0,
    "num_bloom_filters_in_scan": 0,
    "num_bloom_filters_in_scan": 0,
    "num_bloom_filters_in_scan": 0,
    "num_bloom_filters_in_scan": 0,
    "num_bloom_filters_in_scan": 0,
    "num_bloom_filters_in_scan": 0,
    "num_bloom_filters_in_scan": 0,
    "num_bloom_filters_in_scan": 0,
    "num_bloom_filters_in_scan": 0,
    "num_bloom_filters_in_scan": 0,
    "result": "correct",
    "time": 0.111202,
  },
]
